snapshot_date,category,seniority,tier,listings_with_ai,total_listings,pct,required_count
2026-03-12,ai,all,any_ai,253,266,95.1,253
2026-03-12,ai,all,genai,210,266,78.9,207
2026-03-12,ai,all,ml,186,266,69.9,186
2026-03-12,ai,entry,any_ai,1,1,100.0,1
2026-03-12,ai,entry,genai,1,1,100.0,1
2026-03-12,ai,entry,ml,1,1,100.0,1
2026-03-12,ai,mid,any_ai,138,147,93.9,138
2026-03-12,ai,mid,genai,120,147,81.6,119
2026-03-12,ai,mid,ml,100,147,68.0,100
2026-03-12,ai,senior,any_ai,114,118,96.6,114
2026-03-12,ai,senior,genai,89,118,75.4,87
2026-03-12,ai,senior,ml,85,118,72.0,85
2026-03-12,data,all,any_ai,90,149,60.4,89
2026-03-12,data,all,genai,28,149,18.8,28
2026-03-12,data,all,ml,80,149,53.7,79
2026-03-12,data,mid,any_ai,24,57,42.1,24
2026-03-12,data,mid,genai,7,57,12.3,7
2026-03-12,data,mid,ml,23,57,40.4,23
2026-03-12,data,senior,any_ai,66,92,71.7,65
2026-03-12,data,senior,genai,21,92,22.8,21
2026-03-12,data,senior,ml,57,92,62.0,56
2026-03-12,devops,all,any_ai,10,83,12.0,10
2026-03-12,devops,all,genai,9,83,10.8,9
2026-03-12,devops,all,ml,6,83,7.2,6
2026-03-12,devops,mid,any_ai,7,30,23.3,7
2026-03-12,devops,mid,genai,7,30,23.3,7
2026-03-12,devops,mid,ml,3,30,10.0,3
2026-03-12,devops,senior,any_ai,3,53,5.7,3
2026-03-12,devops,senior,genai,2,53,3.8,2
2026-03-12,devops,senior,ml,3,53,5.7,3
2026-03-12,engineering,all,any_ai,299,813,36.8,297
2026-03-12,engineering,all,genai,169,813,20.8,168
2026-03-12,engineering,all,ml,217,813,26.7,213
2026-03-12,engineering,entry,any_ai,3,6,50.0,3
2026-03-12,engineering,entry,genai,1,6,16.7,1
2026-03-12,engineering,entry,ml,3,6,50.0,3
2026-03-12,engineering,mid,any_ai,59,263,22.4,58
2026-03-12,engineering,mid,genai,38,263,14.4,38
2026-03-12,engineering,mid,ml,36,263,13.7,32
2026-03-12,engineering,senior,any_ai,237,544,43.6,236
2026-03-12,engineering,senior,genai,130,544,23.9,129
2026-03-12,engineering,senior,ml,178,544,32.7,178
2026-03-12,product,all,any_ai,83,223,37.2,83
2026-03-12,product,all,genai,64,223,28.7,64
2026-03-12,product,all,ml,40,223,17.9,40
2026-03-12,product,entry,any_ai,1,2,50.0,1
2026-03-12,product,entry,genai,0,2,0.0,0
2026-03-12,product,entry,ml,1,2,50.0,1
2026-03-12,product,mid,any_ai,22,71,31.0,22
2026-03-12,product,mid,genai,21,71,29.6,21
2026-03-12,product,mid,ml,4,71,5.6,4
2026-03-12,product,senior,any_ai,60,150,40.0,60
2026-03-12,product,senior,genai,43,150,28.7,43
2026-03-12,product,senior,ml,35,150,23.3,35
2026-03-12,security,all,any_ai,6,25,24.0,6
2026-03-12,security,all,genai,3,25,12.0,3
2026-03-12,security,all,ml,5,25,20.0,5
2026-03-12,security,mid,any_ai,0,8,0.0,0
2026-03-12,security,mid,genai,0,8,0.0,0
2026-03-12,security,mid,ml,0,8,0.0,0
2026-03-12,security,senior,any_ai,6,17,35.3,6
2026-03-12,security,senior,genai,3,17,17.6,3
2026-03-12,security,senior,ml,5,17,29.4,5
2026-03-19,ai,all,any_ai,264,277,95.3,264
2026-03-19,ai,all,genai,221,277,79.8,218
2026-03-19,ai,all,ml,192,277,69.3,192
2026-03-19,ai,entry,any_ai,1,1,100.0,1
2026-03-19,ai,entry,genai,1,1,100.0,1
2026-03-19,ai,entry,ml,1,1,100.0,1
2026-03-19,ai,mid,any_ai,140,149,94.0,140
2026-03-19,ai,mid,genai,122,149,81.9,121
2026-03-19,ai,mid,ml,100,149,67.1,100
2026-03-19,ai,senior,any_ai,123,127,96.9,123
2026-03-19,ai,senior,genai,98,127,77.2,96
2026-03-19,ai,senior,ml,91,127,71.7,91
2026-03-19,data,all,any_ai,99,162,61.1,98
2026-03-19,data,all,genai,34,162,21.0,34
2026-03-19,data,all,ml,85,162,52.5,84
2026-03-19,data,mid,any_ai,26,63,41.3,26
2026-03-19,data,mid,genai,9,63,14.3,9
2026-03-19,data,mid,ml,23,63,36.5,23
2026-03-19,data,senior,any_ai,73,99,73.7,72
2026-03-19,data,senior,genai,25,99,25.3,25
2026-03-19,data,senior,ml,62,99,62.6,61
2026-03-19,devops,all,any_ai,11,90,12.2,11
2026-03-19,devops,all,genai,9,90,10.0,9
2026-03-19,devops,all,ml,7,90,7.8,7
2026-03-19,devops,entry,any_ai,0,3,0.0,0
2026-03-19,devops,entry,genai,0,3,0.0,0
2026-03-19,devops,entry,ml,0,3,0.0,0
2026-03-19,devops,mid,any_ai,8,31,25.8,8
2026-03-19,devops,mid,genai,7,31,22.6,7
2026-03-19,devops,mid,ml,4,31,12.9,4
2026-03-19,devops,senior,any_ai,3,56,5.4,3
2026-03-19,devops,senior,genai,2,56,3.6,2
2026-03-19,devops,senior,ml,3,56,5.4,3
2026-03-19,engineering,all,any_ai,317,868,36.5,315
2026-03-19,engineering,all,genai,185,868,21.3,184
2026-03-19,engineering,all,ml,225,868,25.9,221
2026-03-19,engineering,entry,any_ai,5,8,62.5,5
2026-03-19,engineering,entry,genai,3,8,37.5,3
2026-03-19,engineering,entry,ml,3,8,37.5,3
2026-03-19,engineering,mid,any_ai,62,275,22.5,61
2026-03-19,engineering,mid,genai,41,275,14.9,41
2026-03-19,engineering,mid,ml,38,275,13.8,34
2026-03-19,engineering,senior,any_ai,250,585,42.7,249
2026-03-19,engineering,senior,genai,141,585,24.1,140
2026-03-19,engineering,senior,ml,184,585,31.5,184
2026-03-19,product,all,any_ai,89,242,36.8,88
2026-03-19,product,all,genai,69,242,28.5,68
2026-03-19,product,all,ml,41,242,16.9,41
2026-03-19,product,entry,any_ai,1,2,50.0,1
2026-03-19,product,entry,genai,0,2,0.0,0
2026-03-19,product,entry,ml,1,2,50.0,1
2026-03-19,product,mid,any_ai,23,75,30.7,22
2026-03-19,product,mid,genai,22,75,29.3,21
2026-03-19,product,mid,ml,4,75,5.3,4
2026-03-19,product,senior,any_ai,65,165,39.4,65
2026-03-19,product,senior,genai,47,165,28.5,47
2026-03-19,product,senior,ml,36,165,21.8,36
2026-03-19,security,all,any_ai,7,27,25.9,7
2026-03-19,security,all,genai,4,27,14.8,4
2026-03-19,security,all,ml,6,27,22.2,6
2026-03-19,security,mid,any_ai,0,8,0.0,0
2026-03-19,security,mid,genai,0,8,0.0,0
2026-03-19,security,mid,ml,0,8,0.0,0
2026-03-19,security,senior,any_ai,7,19,36.8,7
2026-03-19,security,senior,genai,4,19,21.1,4
2026-03-19,security,senior,ml,6,19,31.6,6
2026-03-26,ai,all,any_ai,273,288,94.8,273
2026-03-26,ai,all,genai,230,288,79.9,227
2026-03-26,ai,all,ml,201,288,69.8,201
2026-03-26,ai,entry,any_ai,1,1,100.0,1
2026-03-26,ai,entry,genai,1,1,100.0,1
2026-03-26,ai,entry,ml,1,1,100.0,1
2026-03-26,ai,mid,any_ai,146,157,93.0,146
2026-03-26,ai,mid,genai,128,157,81.5,127
2026-03-26,ai,mid,ml,106,157,67.5,106
2026-03-26,ai,senior,any_ai,126,130,96.9,126
2026-03-26,ai,senior,genai,101,130,77.7,99
2026-03-26,ai,senior,ml,94,130,72.3,94
2026-03-26,data,all,any_ai,107,181,59.1,106
2026-03-26,data,all,genai,39,181,21.5,39
2026-03-26,data,all,ml,90,181,49.7,89
2026-03-26,data,mid,any_ai,29,68,42.6,29
2026-03-26,data,mid,genai,10,68,14.7,10
2026-03-26,data,mid,ml,25,68,36.8,25
2026-03-26,data,senior,any_ai,78,113,69.0,77
2026-03-26,data,senior,genai,29,113,25.7,29
2026-03-26,data,senior,ml,65,113,57.5,64
2026-03-26,devops,all,any_ai,12,92,13.0,12
2026-03-26,devops,all,genai,9,92,9.8,9
2026-03-26,devops,all,ml,8,92,8.7,8
2026-03-26,devops,entry,any_ai,0,3,0.0,0
2026-03-26,devops,entry,genai,0,3,0.0,0
2026-03-26,devops,entry,ml,0,3,0.0,0
2026-03-26,devops,mid,any_ai,9,32,28.1,9
2026-03-26,devops,mid,genai,7,32,21.9,7
2026-03-26,devops,mid,ml,5,32,15.6,5
2026-03-26,devops,senior,any_ai,3,57,5.3,3
2026-03-26,devops,senior,genai,2,57,3.5,2
2026-03-26,devops,senior,ml,3,57,5.3,3
2026-03-26,engineering,all,any_ai,324,890,36.4,322
2026-03-26,engineering,all,genai,191,890,21.5,190
2026-03-26,engineering,all,ml,230,890,25.8,225
2026-03-26,engineering,entry,any_ai,5,8,62.5,5
2026-03-26,engineering,entry,genai,3,8,37.5,3
2026-03-26,engineering,entry,ml,3,8,37.5,3
2026-03-26,engineering,mid,any_ai,62,282,22.0,61
2026-03-26,engineering,mid,genai,41,282,14.5,41
2026-03-26,engineering,mid,ml,38,282,13.5,34
2026-03-26,engineering,senior,any_ai,257,600,42.8,256
2026-03-26,engineering,senior,genai,147,600,24.5,146
2026-03-26,engineering,senior,ml,189,600,31.5,188
2026-03-26,product,all,any_ai,91,251,36.3,90
2026-03-26,product,all,genai,71,251,28.3,70
2026-03-26,product,all,ml,42,251,16.7,42
2026-03-26,product,entry,any_ai,1,3,33.3,1
2026-03-26,product,entry,genai,0,3,0.0,0
2026-03-26,product,entry,ml,1,3,33.3,1
2026-03-26,product,mid,any_ai,23,76,30.3,22
2026-03-26,product,mid,genai,22,76,28.9,21
2026-03-26,product,mid,ml,4,76,5.3,4
2026-03-26,product,senior,any_ai,67,172,39.0,67
2026-03-26,product,senior,genai,49,172,28.5,49
2026-03-26,product,senior,ml,37,172,21.5,37
2026-03-26,security,all,any_ai,9,29,31.0,9
2026-03-26,security,all,genai,6,29,20.7,6
2026-03-26,security,all,ml,8,29,27.6,8
2026-03-26,security,mid,any_ai,0,8,0.0,0
2026-03-26,security,mid,genai,0,8,0.0,0
2026-03-26,security,mid,ml,0,8,0.0,0
2026-03-26,security,senior,any_ai,9,21,42.9,9
2026-03-26,security,senior,genai,6,21,28.6,6
2026-03-26,security,senior,ml,8,21,38.1,8
2026-04-02,ai,all,any_ai,302,321,94.1,302
2026-04-02,ai,all,genai,257,321,80.1,254
2026-04-02,ai,all,ml,230,321,71.7,230
2026-04-02,ai,entry,any_ai,1,1,100.0,1
2026-04-02,ai,entry,genai,1,1,100.0,1
2026-04-02,ai,entry,ml,1,1,100.0,1
2026-04-02,ai,mid,any_ai,161,174,92.5,161
2026-04-02,ai,mid,genai,141,174,81.0,140
2026-04-02,ai,mid,ml,121,174,69.5,121
2026-04-02,ai,senior,any_ai,140,146,95.9,140
2026-04-02,ai,senior,genai,115,146,78.8,113
2026-04-02,ai,senior,ml,108,146,74.0,108
2026-04-02,data,all,any_ai,125,215,58.1,124
2026-04-02,data,all,genai,44,215,20.5,44
2026-04-02,data,all,ml,105,215,48.8,104
2026-04-02,data,mid,any_ai,38,86,44.2,38
2026-04-02,data,mid,genai,13,86,15.1,13
2026-04-02,data,mid,ml,31,86,36.0,31
2026-04-02,data,senior,any_ai,87,129,67.4,86
2026-04-02,data,senior,genai,31,129,24.0,31
2026-04-02,data,senior,ml,74,129,57.4,73
2026-04-02,devops,all,any_ai,19,133,14.3,19
2026-04-02,devops,all,genai,16,133,12.0,16
2026-04-02,devops,all,ml,14,133,10.5,14
2026-04-02,devops,entry,any_ai,0,3,0.0,0
2026-04-02,devops,entry,genai,0,3,0.0,0
2026-04-02,devops,entry,ml,0,3,0.0,0
2026-04-02,devops,mid,any_ai,15,50,30.0,15
2026-04-02,devops,mid,genai,13,50,26.0,13
2026-04-02,devops,mid,ml,11,50,22.0,11
2026-04-02,devops,senior,any_ai,4,80,5.0,4
2026-04-02,devops,senior,genai,3,80,3.8,3
2026-04-02,devops,senior,ml,3,80,3.8,3
2026-04-02,engineering,all,any_ai,381,1041,36.6,377
2026-04-02,engineering,all,genai,239,1041,23.0,236
2026-04-02,engineering,all,ml,255,1041,24.5,250
2026-04-02,engineering,entry,any_ai,6,9,66.7,6
2026-04-02,engineering,entry,genai,4,9,44.4,4
2026-04-02,engineering,entry,ml,3,9,33.3,3
2026-04-02,engineering,mid,any_ai,75,326,23.0,74
2026-04-02,engineering,mid,genai,53,326,16.3,53
2026-04-02,engineering,mid,ml,42,326,12.9,38
2026-04-02,engineering,senior,any_ai,300,706,42.5,297
2026-04-02,engineering,senior,genai,182,706,25.8,179
2026-04-02,engineering,senior,ml,210,706,29.7,209
2026-04-02,product,all,any_ai,101,298,33.9,100
2026-04-02,product,all,genai,81,298,27.2,78
2026-04-02,product,all,ml,46,298,15.4,46
2026-04-02,product,entry,any_ai,1,3,33.3,1
2026-04-02,product,entry,genai,0,3,0.0,0
2026-04-02,product,entry,ml,1,3,33.3,1
2026-04-02,product,mid,any_ai,27,90,30.0,26
2026-04-02,product,mid,genai,26,90,28.9,25
2026-04-02,product,mid,ml,4,90,4.4,4
2026-04-02,product,senior,any_ai,73,205,35.6,73
2026-04-02,product,senior,genai,55,205,26.8,53
2026-04-02,product,senior,ml,41,205,20.0,41
2026-04-02,security,all,any_ai,9,41,22.0,9
2026-04-02,security,all,genai,6,41,14.6,6
2026-04-02,security,all,ml,8,41,19.5,8
2026-04-02,security,entry,any_ai,0,1,0.0,0
2026-04-02,security,entry,genai,0,1,0.0,0
2026-04-02,security,entry,ml,0,1,0.0,0
2026-04-02,security,mid,any_ai,0,9,0.0,0
2026-04-02,security,mid,genai,0,9,0.0,0
2026-04-02,security,mid,ml,0,9,0.0,0
2026-04-02,security,senior,any_ai,9,31,29.0,9
2026-04-02,security,senior,genai,6,31,19.4,6
2026-04-02,security,senior,ml,8,31,25.8,8
2026-04-09,ai,all,any_ai,375,431,87.0,375
2026-04-09,ai,all,genai,288,431,66.8,285
2026-04-09,ai,all,ml,291,431,67.5,291
2026-04-09,ai,entry,any_ai,1,2,50.0,1
2026-04-09,ai,entry,genai,1,2,50.0,1
2026-04-09,ai,entry,ml,1,2,50.0,1
2026-04-09,ai,mid,any_ai,191,223,85.7,191
2026-04-09,ai,mid,genai,159,223,71.3,158
2026-04-09,ai,mid,ml,145,223,65.0,145
2026-04-09,ai,senior,any_ai,183,206,88.8,183
2026-04-09,ai,senior,genai,128,206,62.1,126
2026-04-09,ai,senior,ml,145,206,70.4,145
2026-04-09,data,all,any_ai,173,468,37.0,172
2026-04-09,data,all,genai,72,468,15.4,72
2026-04-09,data,all,ml,137,468,29.3,136
2026-04-09,data,entry,any_ai,0,2,0.0,0
2026-04-09,data,entry,genai,0,2,0.0,0
2026-04-09,data,entry,ml,0,2,0.0,0
2026-04-09,data,mid,any_ai,57,221,25.8,57
2026-04-09,data,mid,genai,20,221,9.0,20
2026-04-09,data,mid,ml,46,221,20.8,46
2026-04-09,data,senior,any_ai,116,245,47.3,115
2026-04-09,data,senior,genai,52,245,21.2,52
2026-04-09,data,senior,ml,91,245,37.1,90
2026-04-09,devops,all,any_ai,73,315,23.2,73
2026-04-09,devops,all,genai,55,315,17.5,55
2026-04-09,devops,all,ml,41,315,13.0,41
2026-04-09,devops,entry,any_ai,0,6,0.0,0
2026-04-09,devops,entry,genai,0,6,0.0,0
2026-04-09,devops,entry,ml,0,6,0.0,0
2026-04-09,devops,mid,any_ai,50,147,34.0,50
2026-04-09,devops,mid,genai,41,147,27.9,41
2026-04-09,devops,mid,ml,27,147,18.4,27
2026-04-09,devops,senior,any_ai,23,162,14.2,23
2026-04-09,devops,senior,genai,14,162,8.6,14
2026-04-09,devops,senior,ml,14,162,8.6,14
2026-04-09,engineering,all,any_ai,467,1733,26.9,463
2026-04-09,engineering,all,genai,297,1733,17.1,294
2026-04-09,engineering,all,ml,296,1733,17.1,291
2026-04-09,engineering,entry,any_ai,7,28,25.0,7
2026-04-09,engineering,entry,genai,5,28,17.9,5
2026-04-09,engineering,entry,ml,4,28,14.3,4
2026-04-09,engineering,mid,any_ai,106,607,17.5,105
2026-04-09,engineering,mid,genai,71,607,11.7,71
2026-04-09,engineering,mid,ml,59,607,9.7,55
2026-04-09,engineering,senior,any_ai,354,1098,32.2,351
2026-04-09,engineering,senior,genai,221,1098,20.1,218
2026-04-09,engineering,senior,ml,233,1098,21.2,232
2026-04-09,product,all,any_ai,123,388,31.7,122
2026-04-09,product,all,genai,99,388,25.5,96
2026-04-09,product,all,ml,59,388,15.2,59
2026-04-09,product,entry,any_ai,1,3,33.3,1
2026-04-09,product,entry,genai,0,3,0.0,0
2026-04-09,product,entry,ml,1,3,33.3,1
2026-04-09,product,mid,any_ai,37,121,30.6,36
2026-04-09,product,mid,genai,33,121,27.3,32
2026-04-09,product,mid,ml,10,121,8.3,10
2026-04-09,product,senior,any_ai,85,264,32.2,85
2026-04-09,product,senior,genai,66,264,25.0,64
2026-04-09,product,senior,ml,48,264,18.2,48
2026-04-09,security,all,any_ai,10,64,15.6,10
2026-04-09,security,all,genai,7,64,10.9,7
2026-04-09,security,all,ml,8,64,12.5,8
2026-04-09,security,entry,any_ai,0,1,0.0,0
2026-04-09,security,entry,genai,0,1,0.0,0
2026-04-09,security,entry,ml,0,1,0.0,0
2026-04-09,security,mid,any_ai,0,24,0.0,0
2026-04-09,security,mid,genai,0,24,0.0,0
2026-04-09,security,mid,ml,0,24,0.0,0
2026-04-09,security,senior,any_ai,10,39,25.6,10
2026-04-09,security,senior,genai,7,39,17.9,7
2026-04-09,security,senior,ml,8,39,20.5,8
2026-04-16,ai,all,any_ai,375,417,89.9,375
2026-04-16,ai,all,genai,264,417,63.3,261
2026-04-16,ai,all,ml,302,417,72.4,302
2026-04-16,ai,entry,any_ai,1,1,100.0,1
2026-04-16,ai,entry,genai,1,1,100.0,1
2026-04-16,ai,entry,ml,1,1,100.0,1
2026-04-16,ai,mid,any_ai,193,214,90.2,193
2026-04-16,ai,mid,genai,142,214,66.4,141
2026-04-16,ai,mid,ml,150,214,70.1,150
2026-04-16,ai,senior,any_ai,181,202,89.6,181
2026-04-16,ai,senior,genai,121,202,59.9,119
2026-04-16,ai,senior,ml,151,202,74.8,151
2026-04-16,data,all,any_ai,172,427,40.3,171
2026-04-16,data,all,genai,64,427,15.0,64
2026-04-16,data,all,ml,141,427,33.0,140
2026-04-16,data,entry,any_ai,0,1,0.0,0
2026-04-16,data,entry,genai,0,1,0.0,0
2026-04-16,data,entry,ml,0,1,0.0,0
2026-04-16,data,mid,any_ai,51,188,27.1,51
2026-04-16,data,mid,genai,17,188,9.0,17
2026-04-16,data,mid,ml,43,188,22.9,43
2026-04-16,data,senior,any_ai,121,238,50.8,120
2026-04-16,data,senior,genai,47,238,19.7,47
2026-04-16,data,senior,ml,98,238,41.2,97
2026-04-16,devops,all,any_ai,77,391,19.7,77
2026-04-16,devops,all,genai,55,391,14.1,55
2026-04-16,devops,all,ml,41,391,10.5,41
2026-04-16,devops,entry,any_ai,6,9,66.7,6
2026-04-16,devops,entry,genai,0,9,0.0,0
2026-04-16,devops,entry,ml,6,9,66.7,6
2026-04-16,devops,mid,any_ai,44,169,26.0,44
2026-04-16,devops,mid,genai,37,169,21.9,37
2026-04-16,devops,mid,ml,21,169,12.4,21
2026-04-16,devops,senior,any_ai,27,213,12.7,27
2026-04-16,devops,senior,genai,18,213,8.5,18
2026-04-16,devops,senior,ml,14,213,6.6,14
2026-04-16,engineering,all,any_ai,463,1699,27.3,459
2026-04-16,engineering,all,genai,289,1699,17.0,286
2026-04-16,engineering,all,ml,302,1699,17.8,297
2026-04-16,engineering,entry,any_ai,7,33,21.2,7
2026-04-16,engineering,entry,genai,5,33,15.2,5
2026-04-16,engineering,entry,ml,4,33,12.1,4
2026-04-16,engineering,mid,any_ai,101,624,16.2,100
2026-04-16,engineering,mid,genai,63,624,10.1,63
2026-04-16,engineering,mid,ml,59,624,9.5,55
2026-04-16,engineering,senior,any_ai,355,1042,34.1,352
2026-04-16,engineering,senior,genai,221,1042,21.2,218
2026-04-16,engineering,senior,ml,239,1042,22.9,238
2026-04-16,product,all,any_ai,123,379,32.5,122
2026-04-16,product,all,genai,101,379,26.6,98
2026-04-16,product,all,ml,56,379,14.8,56
2026-04-16,product,entry,any_ai,1,3,33.3,1
2026-04-16,product,entry,genai,0,3,0.0,0
2026-04-16,product,entry,ml,1,3,33.3,1
2026-04-16,product,mid,any_ai,37,115,32.2,36
2026-04-16,product,mid,genai,33,115,28.7,32
2026-04-16,product,mid,ml,9,115,7.8,9
2026-04-16,product,senior,any_ai,85,261,32.6,85
2026-04-16,product,senior,genai,68,261,26.1,66
2026-04-16,product,senior,ml,46,261,17.6,46
2026-04-16,security,all,any_ai,9,70,12.9,9
2026-04-16,security,all,genai,6,70,8.6,6
2026-04-16,security,all,ml,8,70,11.4,8
2026-04-16,security,entry,any_ai,0,1,0.0,0
2026-04-16,security,entry,genai,0,1,0.0,0
2026-04-16,security,entry,ml,0,1,0.0,0
2026-04-16,security,mid,any_ai,0,27,0.0,0
2026-04-16,security,mid,genai,0,27,0.0,0
2026-04-16,security,mid,ml,0,27,0.0,0
2026-04-16,security,senior,any_ai,9,42,21.4,9
2026-04-16,security,senior,genai,6,42,14.3,6
2026-04-16,security,senior,ml,8,42,19.0,8
2026-04-23,ai,all,any_ai,351,382,91.9,351
2026-04-23,ai,all,genai,285,382,74.6,282
2026-04-23,ai,all,ml,270,382,70.7,269
2026-04-23,ai,entry,any_ai,1,1,100.0,1
2026-04-23,ai,entry,genai,1,1,100.0,1
2026-04-23,ai,entry,ml,1,1,100.0,1
2026-04-23,ai,mid,any_ai,178,195,91.3,178
2026-04-23,ai,mid,genai,151,195,77.4,150
2026-04-23,ai,mid,ml,133,195,68.2,132
2026-04-23,ai,senior,any_ai,172,186,92.5,172
2026-04-23,ai,senior,genai,133,186,71.5,131
2026-04-23,ai,senior,ml,136,186,73.1,136
2026-04-23,data,all,any_ai,150,387,38.8,149
2026-04-23,data,all,genai,60,387,15.5,60
2026-04-23,data,all,ml,119,387,30.7,118
2026-04-23,data,entry,any_ai,0,2,0.0,0
2026-04-23,data,entry,genai,0,2,0.0,0
2026-04-23,data,entry,ml,0,2,0.0,0
2026-04-23,data,mid,any_ai,43,170,25.3,43
2026-04-23,data,mid,genai,17,170,10.0,17
2026-04-23,data,mid,ml,35,170,20.6,35
2026-04-23,data,senior,any_ai,107,215,49.8,106
2026-04-23,data,senior,genai,43,215,20.0,43
2026-04-23,data,senior,ml,84,215,39.1,83
2026-04-23,devops,all,any_ai,60,332,18.1,60
2026-04-23,devops,all,genai,42,332,12.7,42
2026-04-23,devops,all,ml,27,332,8.1,27
2026-04-23,devops,entry,any_ai,0,6,0.0,0
2026-04-23,devops,entry,genai,0,6,0.0,0
2026-04-23,devops,entry,ml,0,6,0.0,0
2026-04-23,devops,mid,any_ai,37,139,26.6,37
2026-04-23,devops,mid,genai,29,139,20.9,29
2026-04-23,devops,mid,ml,13,139,9.4,13
2026-04-23,devops,senior,any_ai,23,187,12.3,23
2026-04-23,devops,senior,genai,13,187,7.0,13
2026-04-23,devops,senior,ml,14,187,7.5,14
2026-04-23,engineering,all,any_ai,483,1892,25.5,478
2026-04-23,engineering,all,genai,286,1892,15.1,282
2026-04-23,engineering,all,ml,319,1892,16.9,314
2026-04-23,engineering,entry,any_ai,10,45,22.2,10
2026-04-23,engineering,entry,genai,6,45,13.3,6
2026-04-23,engineering,entry,ml,6,45,13.3,6
2026-04-23,engineering,mid,any_ai,120,716,16.8,118
2026-04-23,engineering,mid,genai,67,716,9.4,66
2026-04-23,engineering,mid,ml,76,716,10.6,72
2026-04-23,engineering,senior,any_ai,353,1131,31.2,350
2026-04-23,engineering,senior,genai,213,1131,18.8,210
2026-04-23,engineering,senior,ml,237,1131,21.0,236
2026-04-23,product,all,any_ai,129,397,32.5,128
2026-04-23,product,all,genai,105,397,26.4,102
2026-04-23,product,all,ml,59,397,14.9,59
2026-04-23,product,entry,any_ai,1,4,25.0,1
2026-04-23,product,entry,genai,0,4,0.0,0
2026-04-23,product,entry,ml,1,4,25.0,1
2026-04-23,product,mid,any_ai,37,119,31.1,36
2026-04-23,product,mid,genai,32,119,26.9,31
2026-04-23,product,mid,ml,10,119,8.4,10
2026-04-23,product,senior,any_ai,91,274,33.2,91
2026-04-23,product,senior,genai,73,274,26.6,71
2026-04-23,product,senior,ml,48,274,17.5,48
2026-04-23,security,all,any_ai,14,72,19.4,12
2026-04-23,security,all,genai,9,72,12.5,7
2026-04-23,security,all,ml,10,72,13.9,10
2026-04-23,security,entry,any_ai,0,1,0.0,0
2026-04-23,security,entry,genai,0,1,0.0,0
2026-04-23,security,entry,ml,0,1,0.0,0
2026-04-23,security,mid,any_ai,3,24,12.5,1
2026-04-23,security,mid,genai,3,24,12.5,1
2026-04-23,security,mid,ml,0,24,0.0,0
2026-04-23,security,senior,any_ai,11,47,23.4,11
2026-04-23,security,senior,genai,6,47,12.8,6
2026-04-23,security,senior,ml,10,47,21.3,10
2026-04-30,ai,all,any_ai,349,380,91.8,347
2026-04-30,ai,all,genai,269,380,70.8,264
2026-04-30,ai,all,ml,275,380,72.4,274
2026-04-30,ai,mid,any_ai,181,198,91.4,179
2026-04-30,ai,mid,genai,145,198,73.2,142
2026-04-30,ai,mid,ml,137,198,69.2,136
2026-04-30,ai,senior,any_ai,168,182,92.3,168
2026-04-30,ai,senior,genai,124,182,68.1,122
2026-04-30,ai,senior,ml,138,182,75.8,138
2026-04-30,data,all,any_ai,145,316,45.9,144
2026-04-30,data,all,genai,57,316,18.0,57
2026-04-30,data,all,ml,114,316,36.1,113
2026-04-30,data,mid,any_ai,40,126,31.7,40
2026-04-30,data,mid,genai,16,126,12.7,16
2026-04-30,data,mid,ml,32,126,25.4,32
2026-04-30,data,senior,any_ai,105,190,55.3,104
2026-04-30,data,senior,genai,41,190,21.6,41
2026-04-30,data,senior,ml,82,190,43.2,81
2026-04-30,devops,all,any_ai,80,303,26.4,80
2026-04-30,devops,all,genai,59,303,19.5,59
2026-04-30,devops,all,ml,39,303,12.9,39
2026-04-30,devops,entry,any_ai,0,10,0.0,0
2026-04-30,devops,entry,genai,0,10,0.0,0
2026-04-30,devops,entry,ml,0,10,0.0,0
2026-04-30,devops,mid,any_ai,33,122,27.0,33
2026-04-30,devops,mid,genai,29,122,23.8,29
2026-04-30,devops,mid,ml,9,122,7.4,9
2026-04-30,devops,senior,any_ai,47,171,27.5,47
2026-04-30,devops,senior,genai,30,171,17.5,30
2026-04-30,devops,senior,ml,30,171,17.5,30
2026-04-30,engineering,all,any_ai,421,1374,30.6,414
2026-04-30,engineering,all,genai,255,1374,18.6,249
2026-04-30,engineering,all,ml,279,1374,20.3,274
2026-04-30,engineering,entry,any_ai,12,33,36.4,11
2026-04-30,engineering,entry,genai,7,33,21.2,6
2026-04-30,engineering,entry,ml,7,33,21.2,7
2026-04-30,engineering,mid,any_ai,96,484,19.8,94
2026-04-30,engineering,mid,genai,60,484,12.4,59
2026-04-30,engineering,mid,ml,58,484,12.0,54
2026-04-30,engineering,senior,any_ai,313,857,36.5,309
2026-04-30,engineering,senior,genai,188,857,21.9,184
2026-04-30,engineering,senior,ml,214,857,25.0,213
2026-04-30,product,all,any_ai,122,380,32.1,121
2026-04-30,product,all,genai,98,380,25.8,95
2026-04-30,product,all,ml,57,380,15.0,57
2026-04-30,product,entry,any_ai,0,2,0.0,0
2026-04-30,product,entry,genai,0,2,0.0,0
2026-04-30,product,entry,ml,0,2,0.0,0
2026-04-30,product,mid,any_ai,35,110,31.8,34
2026-04-30,product,mid,genai,30,110,27.3,29
2026-04-30,product,mid,ml,10,110,9.1,10
2026-04-30,product,senior,any_ai,87,268,32.5,87
2026-04-30,product,senior,genai,68,268,25.4,66
2026-04-30,product,senior,ml,47,268,17.5,47
2026-04-30,security,all,any_ai,13,60,21.7,11
2026-04-30,security,all,genai,8,60,13.3,6
2026-04-30,security,all,ml,9,60,15.0,9
2026-04-30,security,entry,any_ai,0,1,0.0,0
2026-04-30,security,entry,genai,0,1,0.0,0
2026-04-30,security,entry,ml,0,1,0.0,0
2026-04-30,security,mid,any_ai,3,18,16.7,1
2026-04-30,security,mid,genai,3,18,16.7,1
2026-04-30,security,mid,ml,0,18,0.0,0
2026-04-30,security,senior,any_ai,10,41,24.4,10
2026-04-30,security,senior,genai,5,41,12.2,5
2026-04-30,security,senior,ml,9,41,22.0,9
2026-05-07,ai,all,any_ai,309,341,90.6,307
2026-05-07,ai,all,genai,249,341,73.0,244
2026-05-07,ai,all,ml,240,341,70.4,239
2026-05-07,ai,entry,any_ai,1,1,100.0,1
2026-05-07,ai,entry,genai,1,1,100.0,1
2026-05-07,ai,entry,ml,0,1,0.0,0
2026-05-07,ai,mid,any_ai,165,182,90.7,163
2026-05-07,ai,mid,genai,141,182,77.5,138
2026-05-07,ai,mid,ml,121,182,66.5,120
2026-05-07,ai,senior,any_ai,143,158,90.5,143
2026-05-07,ai,senior,genai,107,158,67.7,105
2026-05-07,ai,senior,ml,119,158,75.3,119
2026-05-07,data,all,any_ai,138,315,43.8,134
2026-05-07,data,all,genai,57,315,18.1,54
2026-05-07,data,all,ml,105,315,33.3,104
2026-05-07,data,entry,any_ai,1,3,33.3,1
2026-05-07,data,entry,genai,1,3,33.3,1
2026-05-07,data,entry,ml,0,3,0.0,0
2026-05-07,data,mid,any_ai,39,134,29.1,39
2026-05-07,data,mid,genai,18,134,13.4,18
2026-05-07,data,mid,ml,30,134,22.4,30
2026-05-07,data,senior,any_ai,98,178,55.1,94
2026-05-07,data,senior,genai,38,178,21.3,35
2026-05-07,data,senior,ml,75,178,42.1,74
2026-05-07,devops,all,any_ai,62,252,24.6,62
2026-05-07,devops,all,genai,44,252,17.5,44
2026-05-07,devops,all,ml,30,252,11.9,30
2026-05-07,devops,entry,any_ai,0,11,0.0,0
2026-05-07,devops,entry,genai,0,11,0.0,0
2026-05-07,devops,entry,ml,0,11,0.0,0
2026-05-07,devops,mid,any_ai,35,121,28.9,35
2026-05-07,devops,mid,genai,31,121,25.6,31
2026-05-07,devops,mid,ml,12,121,9.9,12
2026-05-07,devops,senior,any_ai,27,120,22.5,27
2026-05-07,devops,senior,genai,13,120,10.8,13
2026-05-07,devops,senior,ml,18,120,15.0,18
2026-05-07,engineering,all,any_ai,357,1124,31.8,350
2026-05-07,engineering,all,genai,205,1124,18.2,199
2026-05-07,engineering,all,ml,242,1124,21.5,237
2026-05-07,engineering,entry,any_ai,8,20,40.0,7
2026-05-07,engineering,entry,genai,5,20,25.0,4
2026-05-07,engineering,entry,ml,5,20,25.0,5
2026-05-07,engineering,mid,any_ai,75,371,20.2,73
2026-05-07,engineering,mid,genai,46,371,12.4,45
2026-05-07,engineering,mid,ml,48,371,12.9,44
2026-05-07,engineering,senior,any_ai,274,733,37.4,270
2026-05-07,engineering,senior,genai,154,733,21.0,150
2026-05-07,engineering,senior,ml,189,733,25.8,188
2026-05-07,product,all,any_ai,108,365,29.6,107
2026-05-07,product,all,genai,82,365,22.5,79
2026-05-07,product,all,ml,54,365,14.8,54
2026-05-07,product,entry,any_ai,0,1,0.0,0
2026-05-07,product,entry,genai,0,1,0.0,0
2026-05-07,product,entry,ml,0,1,0.0,0
2026-05-07,product,mid,any_ai,32,106,30.2,31
2026-05-07,product,mid,genai,24,106,22.6,23
2026-05-07,product,mid,ml,12,106,11.3,12
2026-05-07,product,senior,any_ai,76,258,29.5,76
2026-05-07,product,senior,genai,58,258,22.5,56
2026-05-07,product,senior,ml,42,258,16.3,42
2026-05-07,security,all,any_ai,15,73,20.5,11
2026-05-07,security,all,genai,10,73,13.7,6
2026-05-07,security,all,ml,9,73,12.3,9
2026-05-07,security,entry,any_ai,0,1,0.0,0
2026-05-07,security,entry,genai,0,1,0.0,0
2026-05-07,security,entry,ml,0,1,0.0,0
2026-05-07,security,mid,any_ai,3,18,16.7,1
2026-05-07,security,mid,genai,3,18,16.7,1
2026-05-07,security,mid,ml,0,18,0.0,0
2026-05-07,security,senior,any_ai,12,54,22.2,10
2026-05-07,security,senior,genai,7,54,13.0,5
2026-05-07,security,senior,ml,9,54,16.7,9
2026-05-14,ai,all,any_ai,294,318,92.5,292
2026-05-14,ai,all,genai,241,318,75.8,236
2026-05-14,ai,all,ml,232,318,73.0,230
2026-05-14,ai,mid,any_ai,164,174,94.3,162
2026-05-14,ai,mid,genai,141,174,81.0,138
2026-05-14,ai,mid,ml,122,174,70.1,120
2026-05-14,ai,senior,any_ai,130,144,90.3,130
2026-05-14,ai,senior,genai,100,144,69.4,98
2026-05-14,ai,senior,ml,110,144,76.4,110
2026-05-14,data,all,any_ai,99,251,39.4,95
2026-05-14,data,all,genai,43,251,17.1,40
2026-05-14,data,all,ml,78,251,31.1,77
2026-05-14,data,entry,any_ai,0,3,0.0,0
2026-05-14,data,entry,genai,0,3,0.0,0
2026-05-14,data,entry,ml,0,3,0.0,0
2026-05-14,data,mid,any_ai,28,98,28.6,28
2026-05-14,data,mid,genai,14,98,14.3,14
2026-05-14,data,mid,ml,23,98,23.5,23
2026-05-14,data,senior,any_ai,71,150,47.3,67
2026-05-14,data,senior,genai,29,150,19.3,26
2026-05-14,data,senior,ml,55,150,36.7,54
2026-05-14,devops,all,any_ai,68,182,37.4,58
2026-05-14,devops,all,genai,56,182,30.8,46
2026-05-14,devops,all,ml,24,182,13.2,24
2026-05-14,devops,mid,any_ai,45,100,45.0,35
2026-05-14,devops,mid,genai,41,100,41.0,31
2026-05-14,devops,mid,ml,12,100,12.0,12
2026-05-14,devops,senior,any_ai,23,82,28.0,23
2026-05-14,devops,senior,genai,15,82,18.3,15
2026-05-14,devops,senior,ml,12,82,14.6,12
2026-05-14,engineering,all,any_ai,294,1024,28.7,285
2026-05-14,engineering,all,genai,180,1024,17.6,172
2026-05-14,engineering,all,ml,197,1024,19.2,192
2026-05-14,engineering,entry,any_ai,7,19,36.8,6
2026-05-14,engineering,entry,genai,5,19,26.3,4
2026-05-14,engineering,entry,ml,4,19,21.1,4
2026-05-14,engineering,mid,any_ai,67,351,19.1,64
2026-05-14,engineering,mid,genai,45,351,12.8,43
2026-05-14,engineering,mid,ml,41,351,11.7,37
2026-05-14,engineering,senior,any_ai,220,654,33.6,215
2026-05-14,engineering,senior,genai,130,654,19.9,125
2026-05-14,engineering,senior,ml,152,654,23.2,151
2026-05-14,product,all,any_ai,112,357,31.4,110
2026-05-14,product,all,genai,84,357,23.5,81
2026-05-14,product,all,ml,56,357,15.7,55
2026-05-14,product,mid,any_ai,33,102,32.4,32
2026-05-14,product,mid,genai,24,102,23.5,23
2026-05-14,product,mid,ml,13,102,12.7,13
2026-05-14,product,senior,any_ai,79,255,31.0,78
2026-05-14,product,senior,genai,60,255,23.5,58
2026-05-14,product,senior,ml,43,255,16.9,42
2026-05-14,security,all,any_ai,16,53,30.2,12
2026-05-14,security,all,genai,12,53,22.6,8
2026-05-14,security,all,ml,7,53,13.2,7
2026-05-14,security,entry,any_ai,0,1,0.0,0
2026-05-14,security,entry,genai,0,1,0.0,0
2026-05-14,security,entry,ml,0,1,0.0,0
2026-05-14,security,mid,any_ai,5,17,29.4,3
2026-05-14,security,mid,genai,5,17,29.4,3
2026-05-14,security,mid,ml,0,17,0.0,0
2026-05-14,security,senior,any_ai,11,35,31.4,9
2026-05-14,security,senior,genai,7,35,20.0,5
2026-05-14,security,senior,ml,7,35,20.0,7
2026-05-21,ai,all,any_ai,305,345,88.4,303
2026-05-21,ai,all,genai,241,345,69.9,236
2026-05-21,ai,all,ml,240,345,69.6,238
2026-05-21,ai,mid,any_ai,164,185,88.6,162
2026-05-21,ai,mid,genai,136,185,73.5,133
2026-05-21,ai,mid,ml,122,185,65.9,120
2026-05-21,ai,senior,any_ai,141,160,88.1,141
2026-05-21,ai,senior,genai,105,160,65.6,103
2026-05-21,ai,senior,ml,118,160,73.8,118
2026-05-21,data,all,any_ai,86,219,39.3,82
2026-05-21,data,all,genai,36,219,16.4,33
2026-05-21,data,all,ml,67,219,30.6,66
2026-05-21,data,entry,any_ai,0,3,0.0,0
2026-05-21,data,entry,genai,0,3,0.0,0
2026-05-21,data,entry,ml,0,3,0.0,0
2026-05-21,data,mid,any_ai,23,80,28.7,23
2026-05-21,data,mid,genai,12,80,15.0,12
2026-05-21,data,mid,ml,18,80,22.5,18
2026-05-21,data,senior,any_ai,63,136,46.3,59
2026-05-21,data,senior,genai,24,136,17.6,21
2026-05-21,data,senior,ml,49,136,36.0,48
2026-05-21,devops,all,any_ai,65,182,35.7,55
2026-05-21,devops,all,genai,54,182,29.7,44
2026-05-21,devops,all,ml,23,182,12.6,23
2026-05-21,devops,entry,any_ai,0,1,0.0,0
2026-05-21,devops,entry,genai,0,1,0.0,0
2026-05-21,devops,entry,ml,0,1,0.0,0
2026-05-21,devops,mid,any_ai,43,104,41.3,33
2026-05-21,devops,mid,genai,40,104,38.5,30
2026-05-21,devops,mid,ml,11,104,10.6,11
2026-05-21,devops,senior,any_ai,22,77,28.6,22
2026-05-21,devops,senior,genai,14,77,18.2,14
2026-05-21,devops,senior,ml,12,77,15.6,12
2026-05-21,engineering,all,any_ai,302,1048,28.8,291
2026-05-21,engineering,all,genai,190,1048,18.1,180
2026-05-21,engineering,all,ml,198,1048,18.9,192
2026-05-21,engineering,entry,any_ai,7,19,36.8,6
2026-05-21,engineering,entry,genai,5,19,26.3,4
2026-05-21,engineering,entry,ml,4,19,21.1,4
2026-05-21,engineering,mid,any_ai,72,357,20.2,69
2026-05-21,engineering,mid,genai,52,357,14.6,50
2026-05-21,engineering,mid,ml,39,357,10.9,35
2026-05-21,engineering,senior,any_ai,223,672,33.2,216
2026-05-21,engineering,senior,genai,133,672,19.8,126
2026-05-21,engineering,senior,ml,155,672,23.1,153
2026-05-21,product,all,any_ai,111,364,30.5,109
2026-05-21,product,all,genai,84,364,23.1,81
2026-05-21,product,all,ml,55,364,15.1,54
2026-05-21,product,entry,any_ai,0,1,0.0,0
2026-05-21,product,entry,genai,0,1,0.0,0
2026-05-21,product,entry,ml,0,1,0.0,0
2026-05-21,product,mid,any_ai,33,107,30.8,32
2026-05-21,product,mid,genai,24,107,22.4,23
2026-05-21,product,mid,ml,13,107,12.1,13
2026-05-21,product,senior,any_ai,78,256,30.5,77
2026-05-21,product,senior,genai,60,256,23.4,58
2026-05-21,product,senior,ml,42,256,16.4,41
2026-05-21,security,all,any_ai,11,41,26.8,7
2026-05-21,security,all,genai,11,41,26.8,7
2026-05-21,security,all,ml,2,41,4.9,2
2026-05-21,security,mid,any_ai,5,14,35.7,3
2026-05-21,security,mid,genai,5,14,35.7,3
2026-05-21,security,mid,ml,0,14,0.0,0
2026-05-21,security,senior,any_ai,6,27,22.2,4
2026-05-21,security,senior,genai,6,27,22.2,4
2026-05-21,security,senior,ml,2,27,7.4,2
2026-05-28,ai,all,any_ai,300,336,89.3,298
2026-05-28,ai,all,genai,241,336,71.7,236
2026-05-28,ai,all,ml,238,336,70.8,236
2026-05-28,ai,entry,any_ai,1,2,50.0,1
2026-05-28,ai,entry,genai,0,2,0.0,0
2026-05-28,ai,entry,ml,1,2,50.0,1
2026-05-28,ai,mid,any_ai,167,181,92.3,165
2026-05-28,ai,mid,genai,140,181,77.3,137
2026-05-28,ai,mid,ml,126,181,69.6,124
2026-05-28,ai,senior,any_ai,132,153,86.3,132
2026-05-28,ai,senior,genai,101,153,66.0,99
2026-05-28,ai,senior,ml,111,153,72.5,111
2026-05-28,data,all,any_ai,78,249,31.3,74
2026-05-28,data,all,genai,35,249,14.1,32
2026-05-28,data,all,ml,60,249,24.1,59
2026-05-28,data,entry,any_ai,0,3,0.0,0
2026-05-28,data,entry,genai,0,3,0.0,0
2026-05-28,data,entry,ml,0,3,0.0,0
2026-05-28,data,mid,any_ai,22,103,21.4,22
2026-05-28,data,mid,genai,12,103,11.7,12
2026-05-28,data,mid,ml,17,103,16.5,17
2026-05-28,data,senior,any_ai,56,143,39.2,52
2026-05-28,data,senior,genai,23,143,16.1,20
2026-05-28,data,senior,ml,43,143,30.1,42
2026-05-28,devops,all,any_ai,67,196,34.2,56
2026-05-28,devops,all,genai,55,196,28.1,44
2026-05-28,devops,all,ml,24,196,12.2,24
2026-05-28,devops,entry,any_ai,0,1,0.0,0
2026-05-28,devops,entry,genai,0,1,0.0,0
2026-05-28,devops,entry,ml,0,1,0.0,0
2026-05-28,devops,mid,any_ai,44,112,39.3,33
2026-05-28,devops,mid,genai,41,112,36.6,30
2026-05-28,devops,mid,ml,11,112,9.8,11
2026-05-28,devops,senior,any_ai,23,83,27.7,23
2026-05-28,devops,senior,genai,14,83,16.9,14
2026-05-28,devops,senior,ml,13,83,15.7,13
2026-05-28,engineering,all,any_ai,284,1082,26.2,271
2026-05-28,engineering,all,genai,181,1082,16.7,169
2026-05-28,engineering,all,ml,182,1082,16.8,176
2026-05-28,engineering,entry,any_ai,7,20,35.0,6
2026-05-28,engineering,entry,genai,5,20,25.0,4
2026-05-28,engineering,entry,ml,3,20,15.0,3
2026-05-28,engineering,mid,any_ai,69,381,18.1,66
2026-05-28,engineering,mid,genai,49,381,12.9,47
2026-05-28,engineering,mid,ml,34,381,8.9,30
2026-05-28,engineering,senior,any_ai,208,681,30.5,199
2026-05-28,engineering,senior,genai,127,681,18.6,118
2026-05-28,engineering,senior,ml,145,681,21.3,143
2026-05-28,product,all,any_ai,100,345,29.0,98
2026-05-28,product,all,genai,73,345,21.2,70
2026-05-28,product,all,ml,52,345,15.1,51
2026-05-28,product,entry,any_ai,0,1,0.0,0
2026-05-28,product,entry,genai,0,1,0.0,0
2026-05-28,product,entry,ml,0,1,0.0,0
2026-05-28,product,mid,any_ai,29,101,28.7,28
2026-05-28,product,mid,genai,21,101,20.8,20
2026-05-28,product,mid,ml,12,101,11.9,12
2026-05-28,product,senior,any_ai,71,243,29.2,70
2026-05-28,product,senior,genai,52,243,21.4,50
2026-05-28,product,senior,ml,40,243,16.5,39
2026-05-28,security,all,any_ai,12,45,26.7,8
2026-05-28,security,all,genai,12,45,26.7,8
2026-05-28,security,all,ml,2,45,4.4,2
2026-05-28,security,mid,any_ai,5,16,31.2,3
2026-05-28,security,mid,genai,5,16,31.2,3
2026-05-28,security,mid,ml,0,16,0.0,0
2026-05-28,security,senior,any_ai,7,29,24.1,5
2026-05-28,security,senior,genai,7,29,24.1,5
2026-05-28,security,senior,ml,2,29,6.9,2
2026-06-04,ai,all,any_ai,278,307,90.6,276
2026-06-04,ai,all,genai,221,307,72.0,214
2026-06-04,ai,all,ml,228,307,74.3,226
2026-06-04,ai,mid,any_ai,153,165,92.7,151
2026-06-04,ai,mid,genai,129,165,78.2,124
2026-06-04,ai,mid,ml,118,165,71.5,116
2026-06-04,ai,senior,any_ai,125,142,88.0,125
2026-06-04,ai,senior,genai,92,142,64.8,90
2026-06-04,ai,senior,ml,110,142,77.5,110
2026-06-04,data,all,any_ai,76,298,25.5,72
2026-06-04,data,all,genai,35,298,11.7,32
2026-06-04,data,all,ml,58,298,19.5,57
2026-06-04,data,entry,any_ai,0,3,0.0,0
2026-06-04,data,entry,genai,0,3,0.0,0
2026-06-04,data,entry,ml,0,3,0.0,0
2026-06-04,data,mid,any_ai,21,130,16.2,21
2026-06-04,data,mid,genai,11,130,8.5,11
2026-06-04,data,mid,ml,17,130,13.1,17
2026-06-04,data,senior,any_ai,55,165,33.3,51
2026-06-04,data,senior,genai,24,165,14.5,21
2026-06-04,data,senior,ml,41,165,24.8,40
2026-06-04,devops,all,any_ai,71,233,30.5,60
2026-06-04,devops,all,genai,59,233,25.3,48
2026-06-04,devops,all,ml,23,233,9.9,23
2026-06-04,devops,entry,any_ai,0,1,0.0,0
2026-06-04,devops,entry,genai,0,1,0.0,0
2026-06-04,devops,entry,ml,0,1,0.0,0
2026-06-04,devops,mid,any_ai,44,136,32.4,33
2026-06-04,devops,mid,genai,41,136,30.1,30
2026-06-04,devops,mid,ml,11,136,8.1,11
2026-06-04,devops,senior,any_ai,27,96,28.1,27
2026-06-04,devops,senior,genai,18,96,18.8,18
2026-06-04,devops,senior,ml,12,96,12.5,12
2026-06-04,engineering,all,any_ai,279,1084,25.7,264
2026-06-04,engineering,all,genai,172,1084,15.9,159
2026-06-04,engineering,all,ml,176,1084,16.2,169
2026-06-04,engineering,entry,any_ai,5,18,27.8,4
2026-06-04,engineering,entry,genai,3,18,16.7,2
2026-06-04,engineering,entry,ml,2,18,11.1,2
2026-06-04,engineering,mid,any_ai,74,404,18.3,70
2026-06-04,engineering,mid,genai,48,404,11.9,46
2026-06-04,engineering,mid,ml,39,404,9.7,34
2026-06-04,engineering,senior,any_ai,200,662,30.2,190
2026-06-04,engineering,senior,genai,121,662,18.3,111
2026-06-04,engineering,senior,ml,135,662,20.4,133
2026-06-04,product,all,any_ai,95,341,27.9,91
2026-06-04,product,all,genai,70,341,20.5,65
2026-06-04,product,all,ml,47,341,13.8,46
2026-06-04,product,entry,any_ai,0,3,0.0,0
2026-06-04,product,entry,genai,0,3,0.0,0
2026-06-04,product,entry,ml,0,3,0.0,0
2026-06-04,product,mid,any_ai,30,105,28.6,27
2026-06-04,product,mid,genai,24,105,22.9,21
2026-06-04,product,mid,ml,10,105,9.5,10
2026-06-04,product,senior,any_ai,65,233,27.9,64
2026-06-04,product,senior,genai,46,233,19.7,44
2026-06-04,product,senior,ml,37,233,15.9,36
2026-06-04,security,all,any_ai,12,57,21.1,8
2026-06-04,security,all,genai,12,57,21.1,8
2026-06-04,security,all,ml,2,57,3.5,2
2026-06-04,security,entry,any_ai,0,3,0.0,0
2026-06-04,security,entry,genai,0,3,0.0,0
2026-06-04,security,entry,ml,0,3,0.0,0
2026-06-04,security,mid,any_ai,5,24,20.8,3
2026-06-04,security,mid,genai,5,24,20.8,3
2026-06-04,security,mid,ml,0,24,0.0,0
2026-06-04,security,senior,any_ai,7,30,23.3,5
2026-06-04,security,senior,genai,7,30,23.3,5
2026-06-04,security,senior,ml,2,30,6.7,2
2026-06-11,ai,all,any_ai,219,234,93.6,217
2026-06-11,ai,all,genai,177,234,75.6,170
2026-06-11,ai,all,ml,180,234,76.9,177
2026-06-11,ai,mid,any_ai,122,125,97.6,120
2026-06-11,ai,mid,genai,103,125,82.4,98
2026-06-11,ai,mid,ml,97,125,77.6,95
2026-06-11,ai,senior,any_ai,97,109,89.0,97
2026-06-11,ai,senior,genai,74,109,67.9,72
2026-06-11,ai,senior,ml,83,109,76.1,82
2026-06-11,data,all,any_ai,62,179,34.6,58
2026-06-11,data,all,genai,25,179,14.0,22
2026-06-11,data,all,ml,50,179,27.9,49
2026-06-11,data,entry,any_ai,0,1,0.0,0
2026-06-11,data,entry,genai,0,1,0.0,0
2026-06-11,data,entry,ml,0,1,0.0,0
2026-06-11,data,mid,any_ai,16,76,21.1,16
2026-06-11,data,mid,genai,8,76,10.5,8
2026-06-11,data,mid,ml,13,76,17.1,13
2026-06-11,data,senior,any_ai,46,102,45.1,42
2026-06-11,data,senior,genai,17,102,16.7,14
2026-06-11,data,senior,ml,37,102,36.3,36
2026-06-11,devops,all,any_ai,55,170,32.4,44
2026-06-11,devops,all,genai,43,170,25.3,32
2026-06-11,devops,all,ml,20,170,11.8,20
2026-06-11,devops,entry,any_ai,0,1,0.0,0
2026-06-11,devops,entry,genai,0,1,0.0,0
2026-06-11,devops,entry,ml,0,1,0.0,0
2026-06-11,devops,mid,any_ai,37,94,39.4,26
2026-06-11,devops,mid,genai,34,94,36.2,23
2026-06-11,devops,mid,ml,8,94,8.5,8
2026-06-11,devops,senior,any_ai,18,75,24.0,18
2026-06-11,devops,senior,genai,9,75,12.0,9
2026-06-11,devops,senior,ml,12,75,16.0,12
2026-06-11,engineering,all,any_ai,246,761,32.3,230
2026-06-11,engineering,all,genai,158,761,20.8,144
2026-06-11,engineering,all,ml,151,761,19.8,144
2026-06-11,engineering,entry,any_ai,3,13,23.1,2
2026-06-11,engineering,entry,genai,3,13,23.1,2
2026-06-11,engineering,entry,ml,0,13,0.0,0
2026-06-11,engineering,mid,any_ai,62,250,24.8,57
2026-06-11,engineering,mid,genai,48,250,19.2,45
2026-06-11,engineering,mid,ml,27,250,10.8,22
2026-06-11,engineering,senior,any_ai,181,498,36.3,171
2026-06-11,engineering,senior,genai,107,498,21.5,97
2026-06-11,engineering,senior,ml,124,498,24.9,122
2026-06-11,product,all,any_ai,85,304,28.0,81
2026-06-11,product,all,genai,63,304,20.7,58
2026-06-11,product,all,ml,43,304,14.1,42
2026-06-11,product,mid,any_ai,26,95,27.4,23
2026-06-11,product,mid,genai,23,95,24.2,20
2026-06-11,product,mid,ml,8,95,8.4,8
2026-06-11,product,senior,any_ai,59,209,28.2,58
2026-06-11,product,senior,genai,40,209,19.1,38
2026-06-11,product,senior,ml,35,209,16.7,34
2026-06-11,security,all,any_ai,11,58,19.0,7
2026-06-11,security,all,genai,11,58,19.0,7
2026-06-11,security,all,ml,1,58,1.7,1
2026-06-11,security,entry,any_ai,0,3,0.0,0
2026-06-11,security,entry,genai,0,3,0.0,0
2026-06-11,security,entry,ml,0,3,0.0,0
2026-06-11,security,mid,any_ai,4,25,16.0,2
2026-06-11,security,mid,genai,4,25,16.0,2
2026-06-11,security,mid,ml,0,25,0.0,0
2026-06-11,security,senior,any_ai,7,30,23.3,5
2026-06-11,security,senior,genai,7,30,23.3,5
2026-06-11,security,senior,ml,1,30,3.3,1
2026-06-18,ai,all,any_ai,219,234,93.6,217
2026-06-18,ai,all,genai,177,234,75.6,170
2026-06-18,ai,all,ml,180,234,76.9,177
2026-06-18,ai,mid,any_ai,122,125,97.6,120
2026-06-18,ai,mid,genai,103,125,82.4,98
2026-06-18,ai,mid,ml,97,125,77.6,95
2026-06-18,ai,senior,any_ai,97,109,89.0,97
2026-06-18,ai,senior,genai,74,109,67.9,72
2026-06-18,ai,senior,ml,83,109,76.1,82
2026-06-18,data,all,any_ai,62,179,34.6,58
2026-06-18,data,all,genai,25,179,14.0,22
2026-06-18,data,all,ml,50,179,27.9,49
2026-06-18,data,entry,any_ai,0,1,0.0,0
2026-06-18,data,entry,genai,0,1,0.0,0
2026-06-18,data,entry,ml,0,1,0.0,0
2026-06-18,data,mid,any_ai,16,76,21.1,16
2026-06-18,data,mid,genai,8,76,10.5,8
2026-06-18,data,mid,ml,13,76,17.1,13
2026-06-18,data,senior,any_ai,46,102,45.1,42
2026-06-18,data,senior,genai,17,102,16.7,14
2026-06-18,data,senior,ml,37,102,36.3,36
2026-06-18,devops,all,any_ai,55,170,32.4,44
2026-06-18,devops,all,genai,43,170,25.3,32
2026-06-18,devops,all,ml,20,170,11.8,20
2026-06-18,devops,entry,any_ai,0,1,0.0,0
2026-06-18,devops,entry,genai,0,1,0.0,0
2026-06-18,devops,entry,ml,0,1,0.0,0
2026-06-18,devops,mid,any_ai,37,94,39.4,26
2026-06-18,devops,mid,genai,34,94,36.2,23
2026-06-18,devops,mid,ml,8,94,8.5,8
2026-06-18,devops,senior,any_ai,18,75,24.0,18
2026-06-18,devops,senior,genai,9,75,12.0,9
2026-06-18,devops,senior,ml,12,75,16.0,12
2026-06-18,engineering,all,any_ai,246,761,32.3,230
2026-06-18,engineering,all,genai,158,761,20.8,144
2026-06-18,engineering,all,ml,151,761,19.8,144
2026-06-18,engineering,entry,any_ai,3,13,23.1,2
2026-06-18,engineering,entry,genai,3,13,23.1,2
2026-06-18,engineering,entry,ml,0,13,0.0,0
2026-06-18,engineering,mid,any_ai,62,250,24.8,57
2026-06-18,engineering,mid,genai,48,250,19.2,45
2026-06-18,engineering,mid,ml,27,250,10.8,22
2026-06-18,engineering,senior,any_ai,181,498,36.3,171
2026-06-18,engineering,senior,genai,107,498,21.5,97
2026-06-18,engineering,senior,ml,124,498,24.9,122
2026-06-18,product,all,any_ai,85,304,28.0,81
2026-06-18,product,all,genai,63,304,20.7,58
2026-06-18,product,all,ml,43,304,14.1,42
2026-06-18,product,mid,any_ai,26,95,27.4,23
2026-06-18,product,mid,genai,23,95,24.2,20
2026-06-18,product,mid,ml,8,95,8.4,8
2026-06-18,product,senior,any_ai,59,209,28.2,58
2026-06-18,product,senior,genai,40,209,19.1,38
2026-06-18,product,senior,ml,35,209,16.7,34
2026-06-18,security,all,any_ai,11,58,19.0,7
2026-06-18,security,all,genai,11,58,19.0,7
2026-06-18,security,all,ml,1,58,1.7,1
2026-06-18,security,entry,any_ai,0,3,0.0,0
2026-06-18,security,entry,genai,0,3,0.0,0
2026-06-18,security,entry,ml,0,3,0.0,0
2026-06-18,security,mid,any_ai,4,25,16.0,2
2026-06-18,security,mid,genai,4,25,16.0,2
2026-06-18,security,mid,ml,0,25,0.0,0
2026-06-18,security,senior,any_ai,7,30,23.3,5
2026-06-18,security,senior,genai,7,30,23.3,5
2026-06-18,security,senior,ml,1,30,3.3,1
2026-06-25,ai,all,any_ai,427,579,73.7,424
2026-06-25,ai,all,genai,276,579,47.7,268
2026-06-25,ai,all,ml,327,579,56.5,324
2026-06-25,ai,entry,any_ai,6,11,54.5,6
2026-06-25,ai,entry,genai,0,11,0.0,0
2026-06-25,ai,entry,ml,6,11,54.5,6
2026-06-25,ai,mid,any_ai,225,307,73.3,222
2026-06-25,ai,mid,genai,147,307,47.9,141
2026-06-25,ai,mid,ml,172,307,56.0,170
2026-06-25,ai,senior,any_ai,196,261,75.1,196
2026-06-25,ai,senior,genai,129,261,49.4,127
2026-06-25,ai,senior,ml,149,261,57.1,148
2026-06-25,data,all,any_ai,193,1102,17.5,189
2026-06-25,data,all,genai,60,1102,5.4,57
2026-06-25,data,all,ml,161,1102,14.6,160
2026-06-25,data,entry,any_ai,2,24,8.3,2
2026-06-25,data,entry,genai,1,24,4.2,1
2026-06-25,data,entry,ml,1,24,4.2,1
2026-06-25,data,mid,any_ai,82,625,13.1,82
2026-06-25,data,mid,genai,25,625,4.0,25
2026-06-25,data,mid,ml,68,625,10.9,68
2026-06-25,data,senior,any_ai,109,453,24.1,105
2026-06-25,data,senior,genai,34,453,7.5,31
2026-06-25,data,senior,ml,92,453,20.3,91
2026-06-25,devops,all,any_ai,82,592,13.9,69
2026-06-25,devops,all,genai,53,592,9.0,42
2026-06-25,devops,all,ml,42,592,7.1,40
2026-06-25,devops,entry,any_ai,0,5,0.0,0
2026-06-25,devops,entry,genai,0,5,0.0,0
2026-06-25,devops,entry,ml,0,5,0.0,0
2026-06-25,devops,mid,any_ai,42,341,12.3,29
2026-06-25,devops,mid,genai,35,341,10.3,24
2026-06-25,devops,mid,ml,12,341,3.5,10
2026-06-25,devops,senior,any_ai,40,246,16.3,40
2026-06-25,devops,senior,genai,18,246,7.3,18
2026-06-25,devops,senior,ml,30,246,12.2,30
2026-06-25,engineering,all,any_ai,335,1676,20.0,314
2026-06-25,engineering,all,genai,231,1676,13.8,211
2026-06-25,engineering,all,ml,185,1676,11.0,175
2026-06-25,engineering,entry,any_ai,3,32,9.4,2
2026-06-25,engineering,entry,genai,3,32,9.4,2
2026-06-25,engineering,entry,ml,0,32,0.0,0
2026-06-25,engineering,mid,any_ai,106,643,16.5,101
2026-06-25,engineering,mid,genai,82,643,12.8,79
2026-06-25,engineering,mid,ml,39,643,6.1,34
2026-06-25,engineering,senior,any_ai,226,1001,22.6,211
2026-06-25,engineering,senior,genai,146,1001,14.6,130
2026-06-25,engineering,senior,ml,146,1001,14.6,141
2026-06-25,product,all,any_ai,126,590,21.4,117
2026-06-25,product,all,genai,90,590,15.3,82
2026-06-25,product,all,ml,68,590,11.5,65
2026-06-25,product,entry,any_ai,0,7,0.0,0
2026-06-25,product,entry,genai,0,7,0.0,0
2026-06-25,product,entry,ml,0,7,0.0,0
2026-06-25,product,mid,any_ai,43,251,17.1,38
2026-06-25,product,mid,genai,32,251,12.7,29
2026-06-25,product,mid,ml,23,251,9.2,21
2026-06-25,product,senior,any_ai,83,332,25.0,79
2026-06-25,product,senior,genai,58,332,17.5,53
2026-06-25,product,senior,ml,45,332,13.6,44
2026-06-25,security,all,any_ai,14,258,5.4,9
2026-06-25,security,all,genai,13,258,5.0,8
2026-06-25,security,all,ml,2,258,0.8,2
2026-06-25,security,entry,any_ai,0,9,0.0,0
2026-06-25,security,entry,genai,0,9,0.0,0
2026-06-25,security,entry,ml,0,9,0.0,0
2026-06-25,security,mid,any_ai,5,161,3.1,3
2026-06-25,security,mid,genai,4,161,2.5,2
2026-06-25,security,mid,ml,1,161,0.6,1
2026-06-25,security,senior,any_ai,9,88,10.2,6
2026-06-25,security,senior,genai,9,88,10.2,6
2026-06-25,security,senior,ml,1,88,1.1,1
2026-07-02,ai,all,any_ai,321,390,82.3,317
2026-07-02,ai,all,genai,235,390,60.3,226
2026-07-02,ai,all,ml,254,390,65.1,250
2026-07-02,ai,entry,any_ai,2,4,50.0,2
2026-07-02,ai,entry,genai,0,4,0.0,0
2026-07-02,ai,entry,ml,2,4,50.0,2
2026-07-02,ai,mid,any_ai,178,205,86.8,175
2026-07-02,ai,mid,genai,130,205,63.4,124
2026-07-02,ai,mid,ml,135,205,65.9,133
2026-07-02,ai,senior,any_ai,141,181,77.9,140
2026-07-02,ai,senior,genai,105,181,58.0,102
2026-07-02,ai,senior,ml,117,181,64.6,115
2026-07-02,data,all,any_ai,175,786,22.3,171
2026-07-02,data,all,genai,70,786,8.9,67
2026-07-02,data,all,ml,154,786,19.6,153
2026-07-02,data,entry,any_ai,0,9,0.0,0
2026-07-02,data,entry,genai,0,9,0.0,0
2026-07-02,data,entry,ml,0,9,0.0,0
2026-07-02,data,mid,any_ai,92,461,20.0,92
2026-07-02,data,mid,genai,38,461,8.2,38
2026-07-02,data,mid,ml,85,461,18.4,85
2026-07-02,data,senior,any_ai,83,316,26.3,79
2026-07-02,data,senior,genai,32,316,10.1,29
2026-07-02,data,senior,ml,69,316,21.8,68
2026-07-02,devops,all,any_ai,68,390,17.4,55
2026-07-02,devops,all,genai,52,390,13.3,41
2026-07-02,devops,all,ml,23,390,5.9,21
2026-07-02,devops,entry,any_ai,0,10,0.0,0
2026-07-02,devops,entry,genai,0,10,0.0,0
2026-07-02,devops,entry,ml,0,10,0.0,0
2026-07-02,devops,mid,any_ai,42,236,17.8,29
2026-07-02,devops,mid,genai,36,236,15.3,25
2026-07-02,devops,mid,ml,10,236,4.2,8
2026-07-02,devops,senior,any_ai,26,144,18.1,26
2026-07-02,devops,senior,genai,16,144,11.1,16
2026-07-02,devops,senior,ml,13,144,9.0,13
2026-07-02,engineering,all,any_ai,340,1924,17.7,317
2026-07-02,engineering,all,genai,226,1924,11.7,205
2026-07-02,engineering,all,ml,205,1924,10.7,192
2026-07-02,engineering,entry,any_ai,4,45,8.9,3
2026-07-02,engineering,entry,genai,4,45,8.9,3
2026-07-02,engineering,entry,ml,0,45,0.0,0
2026-07-02,engineering,mid,any_ai,97,763,12.7,89
2026-07-02,engineering,mid,genai,72,763,9.4,69
2026-07-02,engineering,mid,ml,45,763,5.9,37
2026-07-02,engineering,senior,any_ai,239,1116,21.4,225
2026-07-02,engineering,senior,genai,150,1116,13.4,133
2026-07-02,engineering,senior,ml,160,1116,14.3,155
2026-07-02,product,all,any_ai,135,594,22.7,125
2026-07-02,product,all,genai,103,594,17.3,94
2026-07-02,product,all,ml,66,594,11.1,63
2026-07-02,product,entry,any_ai,0,3,0.0,0
2026-07-02,product,entry,genai,0,3,0.0,0
2026-07-02,product,entry,ml,0,3,0.0,0
2026-07-02,product,mid,any_ai,39,261,14.9,34
2026-07-02,product,mid,genai,34,261,13.0,31
2026-07-02,product,mid,ml,18,261,6.9,16
2026-07-02,product,senior,any_ai,96,330,29.1,91
2026-07-02,product,senior,genai,69,330,20.9,63
2026-07-02,product,senior,ml,48,330,14.5,47
2026-07-02,security,all,any_ai,14,96,14.6,9
2026-07-02,security,all,genai,14,96,14.6,9
2026-07-02,security,all,ml,3,96,3.1,2
2026-07-02,security,entry,any_ai,0,6,0.0,0
2026-07-02,security,entry,genai,0,6,0.0,0
2026-07-02,security,entry,ml,0,6,0.0,0
2026-07-02,security,mid,any_ai,4,41,9.8,2
2026-07-02,security,mid,genai,4,41,9.8,2
2026-07-02,security,mid,ml,0,41,0.0,0
2026-07-02,security,senior,any_ai,10,49,20.4,7
2026-07-02,security,senior,genai,10,49,20.4,7
2026-07-02,security,senior,ml,3,49,6.1,2
2026-07-09,ai,all,any_ai,362,553,65.5,357
2026-07-09,ai,all,genai,240,553,43.4,231
2026-07-09,ai,all,ml,287,553,51.9,282
2026-07-09,ai,entry,any_ai,0,5,0.0,0
2026-07-09,ai,entry,genai,0,5,0.0,0
2026-07-09,ai,entry,ml,0,5,0.0,0
2026-07-09,ai,mid,any_ai,194,283,68.6,190
2026-07-09,ai,mid,genai,128,283,45.2,122
2026-07-09,ai,mid,ml,154,283,54.4,151
2026-07-09,ai,senior,any_ai,168,265,63.4,167
2026-07-09,ai,senior,genai,112,265,42.3,109
2026-07-09,ai,senior,ml,133,265,50.2,131
2026-07-09,data,all,any_ai,176,1299,13.5,168
2026-07-09,data,all,genai,68,1299,5.2,66
2026-07-09,data,all,ml,152,1299,11.7,146
2026-07-09,data,entry,any_ai,5,77,6.5,5
2026-07-09,data,entry,genai,0,77,0.0,0
2026-07-09,data,entry,ml,5,77,6.5,5
2026-07-09,data,mid,any_ai,78,691,11.3,72
2026-07-09,data,mid,genai,35,691,5.1,35
2026-07-09,data,mid,ml,73,691,10.6,67
2026-07-09,data,senior,any_ai,93,531,17.5,91
2026-07-09,data,senior,genai,33,531,6.2,31
2026-07-09,data,senior,ml,74,531,13.9,74
2026-07-09,devops,all,any_ai,68,753,9.0,63
2026-07-09,devops,all,genai,48,753,6.4,44
2026-07-09,devops,all,ml,28,753,3.7,27
2026-07-09,devops,entry,any_ai,0,13,0.0,0
2026-07-09,devops,entry,genai,0,13,0.0,0
2026-07-09,devops,entry,ml,0,13,0.0,0
2026-07-09,devops,mid,any_ai,32,427,7.5,27
2026-07-09,devops,mid,genai,28,427,6.6,24
2026-07-09,devops,mid,ml,9,427,2.1,8
2026-07-09,devops,senior,any_ai,36,313,11.5,36
2026-07-09,devops,senior,genai,20,313,6.4,20
2026-07-09,devops,senior,ml,19,313,6.1,19
2026-07-09,engineering,all,any_ai,285,1879,15.2,264
2026-07-09,engineering,all,genai,192,1879,10.2,170
2026-07-09,engineering,all,ml,170,1879,9.0,160
2026-07-09,engineering,entry,any_ai,3,35,8.6,2
2026-07-09,engineering,entry,genai,3,35,8.6,2
2026-07-09,engineering,entry,ml,0,35,0.0,0
2026-07-09,engineering,mid,any_ai,79,669,11.8,73
2026-07-09,engineering,mid,genai,59,669,8.8,55
2026-07-09,engineering,mid,ml,35,669,5.2,30
2026-07-09,engineering,senior,any_ai,203,1175,17.3,189
2026-07-09,engineering,senior,genai,130,1175,11.1,113
2026-07-09,engineering,senior,ml,135,1175,11.5,130
2026-07-09,product,all,any_ai,122,447,27.3,110
2026-07-09,product,all,genai,92,447,20.6,81
2026-07-09,product,all,ml,61,447,13.6,58
2026-07-09,product,entry,any_ai,0,4,0.0,0
2026-07-09,product,entry,genai,0,4,0.0,0
2026-07-09,product,entry,ml,0,4,0.0,0
2026-07-09,product,mid,any_ai,32,162,19.8,27
2026-07-09,product,mid,genai,29,162,17.9,26
2026-07-09,product,mid,ml,14,162,8.6,12
2026-07-09,product,senior,any_ai,90,281,32.0,83
2026-07-09,product,senior,genai,63,281,22.4,55
2026-07-09,product,senior,ml,47,281,16.7,46
2026-07-09,security,all,any_ai,15,55,27.3,10
2026-07-09,security,all,genai,15,55,27.3,10
2026-07-09,security,all,ml,3,55,5.5,2
2026-07-09,security,entry,any_ai,0,3,0.0,0
2026-07-09,security,entry,genai,0,3,0.0,0
2026-07-09,security,entry,ml,0,3,0.0,0
2026-07-09,security,mid,any_ai,4,29,13.8,2
2026-07-09,security,mid,genai,4,29,13.8,2
2026-07-09,security,mid,ml,0,29,0.0,0
2026-07-09,security,senior,any_ai,11,23,47.8,8
2026-07-09,security,senior,genai,11,23,47.8,8
2026-07-09,security,senior,ml,3,23,13.0,2
2026-07-10,ai,all,any_ai,1008,2201,45.8,1003
2026-07-10,ai,all,genai,515,2201,23.4,507
2026-07-10,ai,all,ml,764,2201,34.7,757
2026-07-10,ai,entry,any_ai,16,80,20.0,16
2026-07-10,ai,entry,genai,4,80,5.0,4
2026-07-10,ai,entry,ml,15,80,18.8,15
2026-07-10,ai,mid,any_ai,495,1104,44.8,491
2026-07-10,ai,mid,genai,273,1104,24.7,268
2026-07-10,ai,mid,ml,349,1104,31.6,346
2026-07-10,ai,senior,any_ai,497,1017,48.9,496
2026-07-10,ai,senior,genai,238,1017,23.4,235
2026-07-10,ai,senior,ml,400,1017,39.3,396
2026-07-10,data,all,any_ai,501,5188,9.7,491
2026-07-10,data,all,genai,145,5188,2.8,142
2026-07-10,data,all,ml,427,5188,8.2,420
2026-07-10,data,entry,any_ai,29,289,10.0,29
2026-07-10,data,entry,genai,1,289,0.3,1
2026-07-10,data,entry,ml,28,289,9.7,28
2026-07-10,data,mid,any_ai,237,2985,7.9,233
2026-07-10,data,mid,genai,75,2985,2.5,74
2026-07-10,data,mid,ml,203,2985,6.8,200
2026-07-10,data,senior,any_ai,235,1914,12.3,229
2026-07-10,data,senior,genai,69,1914,3.6,67
2026-07-10,data,senior,ml,196,1914,10.2,192
2026-07-10,devops,all,any_ai,99,2767,3.6,93
2026-07-10,devops,all,genai,44,2767,1.6,40
2026-07-10,devops,all,ml,65,2767,2.3,63
2026-07-10,devops,entry,any_ai,0,45,0.0,0
2026-07-10,devops,entry,genai,0,45,0.0,0
2026-07-10,devops,entry,ml,0,45,0.0,0
2026-07-10,devops,mid,any_ai,47,1609,2.9,41
2026-07-10,devops,mid,genai,25,1609,1.6,21
2026-07-10,devops,mid,ml,26,1609,1.6,24
2026-07-10,devops,senior,any_ai,52,1113,4.7,52
2026-07-10,devops,senior,genai,19,1113,1.7,19
2026-07-10,devops,senior,ml,39,1113,3.5,39
2026-07-10,engineering,all,any_ai,776,7841,9.9,746
2026-07-10,engineering,all,genai,524,7841,6.7,495
2026-07-10,engineering,all,ml,399,7841,5.1,384
2026-07-10,engineering,entry,any_ai,5,207,2.4,4
2026-07-10,engineering,entry,genai,5,207,2.4,4
2026-07-10,engineering,entry,ml,0,207,0.0,0
2026-07-10,engineering,mid,any_ai,253,3130,8.1,244
2026-07-10,engineering,mid,genai,160,3130,5.1,155
2026-07-10,engineering,mid,ml,133,3130,4.2,124
2026-07-10,engineering,senior,any_ai,518,4504,11.5,498
2026-07-10,engineering,senior,genai,359,4504,8.0,336
2026-07-10,engineering,senior,ml,266,4504,5.9,260
2026-07-10,product,all,any_ai,182,1512,12.0,167
2026-07-10,product,all,genai,140,1512,9.3,125
2026-07-10,product,all,ml,77,1512,5.1,75
2026-07-10,product,entry,any_ai,0,20,0.0,0
2026-07-10,product,entry,genai,0,20,0.0,0
2026-07-10,product,entry,ml,0,20,0.0,0
2026-07-10,product,mid,any_ai,53,721,7.4,48
2026-07-10,product,mid,genai,42,721,5.8,38
2026-07-10,product,mid,ml,22,721,3.1,21
2026-07-10,product,senior,any_ai,129,771,16.7,119
2026-07-10,product,senior,genai,98,771,12.7,87
2026-07-10,product,senior,ml,55,771,7.1,54
2026-07-10,security,all,any_ai,44,1348,3.3,33
2026-07-10,security,all,genai,33,1348,2.4,23
2026-07-10,security,all,ml,18,1348,1.3,16
2026-07-10,security,entry,any_ai,0,86,0.0,0
2026-07-10,security,entry,genai,0,86,0.0,0
2026-07-10,security,entry,ml,0,86,0.0,0
2026-07-10,security,mid,any_ai,15,817,1.8,11
2026-07-10,security,mid,genai,10,817,1.2,6
2026-07-10,security,mid,ml,5,817,0.6,5
2026-07-10,security,senior,any_ai,29,445,6.5,22
2026-07-10,security,senior,genai,23,445,5.2,17
2026-07-10,security,senior,ml,13,445,2.9,11
2026-07-11,ai,all,any_ai,1035,2297,45.1,1030
2026-07-11,ai,all,genai,528,2297,23.0,520
2026-07-11,ai,all,ml,784,2297,34.1,777
2026-07-11,ai,entry,any_ai,17,82,20.7,17
2026-07-11,ai,entry,genai,4,82,4.9,4
2026-07-11,ai,entry,ml,16,82,19.5,16
2026-07-11,ai,mid,any_ai,513,1164,44.1,509
2026-07-11,ai,mid,genai,283,1164,24.3,278
2026-07-11,ai,mid,ml,361,1164,31.0,358
2026-07-11,ai,senior,any_ai,505,1051,48.0,504
2026-07-11,ai,senior,genai,241,1051,22.9,238
2026-07-11,ai,senior,ml,407,1051,38.7,403
2026-07-11,data,all,any_ai,517,5453,9.5,507
2026-07-11,data,all,genai,154,5453,2.8,151
2026-07-11,data,all,ml,442,5453,8.1,435
2026-07-11,data,entry,any_ai,29,302,9.6,29
2026-07-11,data,entry,genai,1,302,0.3,1
2026-07-11,data,entry,ml,28,302,9.3,28
2026-07-11,data,mid,any_ai,244,3141,7.8,240
2026-07-11,data,mid,genai,76,3141,2.4,75
2026-07-11,data,mid,ml,210,3141,6.7,207
2026-07-11,data,senior,any_ai,244,2010,12.1,238
2026-07-11,data,senior,genai,77,2010,3.8,75
2026-07-11,data,senior,ml,204,2010,10.1,200
2026-07-11,devops,all,any_ai,104,2922,3.6,98
2026-07-11,devops,all,genai,46,2922,1.6,42
2026-07-11,devops,all,ml,69,2922,2.4,67
2026-07-11,devops,entry,any_ai,0,45,0.0,0
2026-07-11,devops,entry,genai,0,45,0.0,0
2026-07-11,devops,entry,ml,0,45,0.0,0
2026-07-11,devops,mid,any_ai,49,1700,2.9,43
2026-07-11,devops,mid,genai,26,1700,1.5,22
2026-07-11,devops,mid,ml,27,1700,1.6,25
2026-07-11,devops,senior,any_ai,55,1177,4.7,55
2026-07-11,devops,senior,genai,20,1177,1.7,20
2026-07-11,devops,senior,ml,42,1177,3.6,42
2026-07-11,engineering,all,any_ai,827,8258,10.0,797
2026-07-11,engineering,all,genai,569,8258,6.9,540
2026-07-11,engineering,all,ml,410,8258,5.0,395
2026-07-11,engineering,entry,any_ai,6,217,2.8,5
2026-07-11,engineering,entry,genai,5,217,2.3,4
2026-07-11,engineering,entry,ml,1,217,0.5,1
2026-07-11,engineering,mid,any_ai,259,3270,7.9,250
2026-07-11,engineering,mid,genai,165,3270,5.0,160
2026-07-11,engineering,mid,ml,136,3270,4.2,127
2026-07-11,engineering,senior,any_ai,562,4771,11.8,542
2026-07-11,engineering,senior,genai,399,4771,8.4,376
2026-07-11,engineering,senior,ml,273,4771,5.7,267
2026-07-11,product,all,any_ai,186,1579,11.8,171
2026-07-11,product,all,genai,144,1579,9.1,129
2026-07-11,product,all,ml,79,1579,5.0,77
2026-07-11,product,entry,any_ai,0,20,0.0,0
2026-07-11,product,entry,genai,0,20,0.0,0
2026-07-11,product,entry,ml,0,20,0.0,0
2026-07-11,product,mid,any_ai,55,754,7.3,50
2026-07-11,product,mid,genai,44,754,5.8,40
2026-07-11,product,mid,ml,22,754,2.9,21
2026-07-11,product,senior,any_ai,131,805,16.3,121
2026-07-11,product,senior,genai,100,805,12.4,89
2026-07-11,product,senior,ml,57,805,7.1,56
2026-07-11,security,all,any_ai,49,1443,3.4,36
2026-07-11,security,all,genai,38,1443,2.6,26
2026-07-11,security,all,ml,19,1443,1.3,16
2026-07-11,security,entry,any_ai,0,88,0.0,0
2026-07-11,security,entry,genai,0,88,0.0,0
2026-07-11,security,entry,ml,0,88,0.0,0
2026-07-11,security,mid,any_ai,18,871,2.1,13
2026-07-11,security,mid,genai,13,871,1.5,8
2026-07-11,security,mid,ml,6,871,0.7,5
2026-07-11,security,senior,any_ai,31,484,6.4,23
2026-07-11,security,senior,genai,25,484,5.2,18
2026-07-11,security,senior,ml,13,484,2.7,11
2026-07-12,ai,all,any_ai,1069,2447,43.7,1064
2026-07-12,ai,all,genai,532,2447,21.7,524
2026-07-12,ai,all,ml,814,2447,33.3,807
2026-07-12,ai,entry,any_ai,19,84,22.6,19
2026-07-12,ai,entry,genai,4,84,4.8,4
2026-07-12,ai,entry,ml,18,84,21.4,18
2026-07-12,ai,mid,any_ai,520,1221,42.6,516
2026-07-12,ai,mid,genai,285,1221,23.3,280
2026-07-12,ai,mid,ml,366,1221,30.0,363
2026-07-12,ai,senior,any_ai,530,1142,46.4,529
2026-07-12,ai,senior,genai,243,1142,21.3,240
2026-07-12,ai,senior,ml,430,1142,37.7,426
2026-07-12,data,all,any_ai,531,5685,9.3,521
2026-07-12,data,all,genai,160,5685,2.8,157
2026-07-12,data,all,ml,453,5685,8.0,446
2026-07-12,data,entry,any_ai,29,313,9.3,29
2026-07-12,data,entry,genai,1,313,0.3,1
2026-07-12,data,entry,ml,28,313,8.9,28
2026-07-12,data,mid,any_ai,252,3258,7.7,248
2026-07-12,data,mid,genai,78,3258,2.4,77
2026-07-12,data,mid,ml,217,3258,6.7,214
2026-07-12,data,senior,any_ai,250,2114,11.8,244
2026-07-12,data,senior,genai,81,2114,3.8,79
2026-07-12,data,senior,ml,208,2114,9.8,204
2026-07-12,devops,all,any_ai,106,3069,3.5,100
2026-07-12,devops,all,genai,47,3069,1.5,43
2026-07-12,devops,all,ml,70,3069,2.3,68
2026-07-12,devops,entry,any_ai,0,47,0.0,0
2026-07-12,devops,entry,genai,0,47,0.0,0
2026-07-12,devops,entry,ml,0,47,0.0,0
2026-07-12,devops,mid,any_ai,50,1783,2.8,44
2026-07-12,devops,mid,genai,27,1783,1.5,23
2026-07-12,devops,mid,ml,27,1783,1.5,25
2026-07-12,devops,senior,any_ai,56,1239,4.5,56
2026-07-12,devops,senior,genai,20,1239,1.6,20
2026-07-12,devops,senior,ml,43,1239,3.5,43
2026-07-12,engineering,all,any_ai,839,8625,9.7,809
2026-07-12,engineering,all,genai,576,8625,6.7,547
2026-07-12,engineering,all,ml,417,8625,4.8,402
2026-07-12,engineering,entry,any_ai,6,221,2.7,5
2026-07-12,engineering,entry,genai,5,221,2.3,4
2026-07-12,engineering,entry,ml,1,221,0.5,1
2026-07-12,engineering,mid,any_ai,264,3388,7.8,255
2026-07-12,engineering,mid,genai,167,3388,4.9,162
2026-07-12,engineering,mid,ml,139,3388,4.1,130
2026-07-12,engineering,senior,any_ai,569,5016,11.3,549
2026-07-12,engineering,senior,genai,404,5016,8.1,381
2026-07-12,engineering,senior,ml,277,5016,5.5,271
2026-07-12,product,all,any_ai,189,1638,11.5,174
2026-07-12,product,all,genai,146,1638,8.9,131
2026-07-12,product,all,ml,80,1638,4.9,78
2026-07-12,product,entry,any_ai,0,22,0.0,0
2026-07-12,product,entry,genai,0,22,0.0,0
2026-07-12,product,entry,ml,0,22,0.0,0
2026-07-12,product,mid,any_ai,55,780,7.1,50
2026-07-12,product,mid,genai,44,780,5.6,40
2026-07-12,product,mid,ml,22,780,2.8,21
2026-07-12,product,senior,any_ai,134,836,16.0,124
2026-07-12,product,senior,genai,102,836,12.2,91
2026-07-12,product,senior,ml,58,836,6.9,57
2026-07-12,security,all,any_ai,50,1498,3.3,37
2026-07-12,security,all,genai,39,1498,2.6,27
2026-07-12,security,all,ml,19,1498,1.3,16
2026-07-12,security,entry,any_ai,0,89,0.0,0
2026-07-12,security,entry,genai,0,89,0.0,0
2026-07-12,security,entry,ml,0,89,0.0,0
2026-07-12,security,mid,any_ai,19,903,2.1,14
2026-07-12,security,mid,genai,14,903,1.6,9
2026-07-12,security,mid,ml,6,903,0.7,5
2026-07-12,security,senior,any_ai,31,506,6.1,23
2026-07-12,security,senior,genai,25,506,4.9,18
2026-07-12,security,senior,ml,13,506,2.6,11
2026-07-13,ai,all,any_ai,1126,2525,44.6,1121
2026-07-13,ai,all,genai,546,2525,21.6,538
2026-07-13,ai,all,ml,863,2525,34.2,856
2026-07-13,ai,entry,any_ai,19,84,22.6,19
2026-07-13,ai,entry,genai,4,84,4.8,4
2026-07-13,ai,entry,ml,18,84,21.4,18
2026-07-13,ai,mid,any_ai,532,1246,42.7,528
2026-07-13,ai,mid,genai,294,1246,23.6,289
2026-07-13,ai,mid,ml,373,1246,29.9,370
2026-07-13,ai,senior,any_ai,575,1195,48.1,574
2026-07-13,ai,senior,genai,248,1195,20.8,245
2026-07-13,ai,senior,ml,472,1195,39.5,468
2026-07-13,data,all,any_ai,540,5855,9.2,530
2026-07-13,data,all,genai,161,5855,2.7,158
2026-07-13,data,all,ml,462,5855,7.9,455
2026-07-13,data,entry,any_ai,29,322,9.0,29
2026-07-13,data,entry,genai,1,322,0.3,1
2026-07-13,data,entry,ml,28,322,8.7,28
2026-07-13,data,mid,any_ai,258,3360,7.7,254
2026-07-13,data,mid,genai,79,3360,2.4,78
2026-07-13,data,mid,ml,223,3360,6.6,220
2026-07-13,data,senior,any_ai,253,2173,11.6,247
2026-07-13,data,senior,genai,81,2173,3.7,79
2026-07-13,data,senior,ml,211,2173,9.7,207
2026-07-13,devops,all,any_ai,110,3193,3.4,104
2026-07-13,devops,all,genai,49,3193,1.5,45
2026-07-13,devops,all,ml,72,3193,2.3,70
2026-07-13,devops,entry,any_ai,0,48,0.0,0
2026-07-13,devops,entry,genai,0,48,0.0,0
2026-07-13,devops,entry,ml,0,48,0.0,0
2026-07-13,devops,mid,any_ai,54,1874,2.9,48
2026-07-13,devops,mid,genai,29,1874,1.5,25
2026-07-13,devops,mid,ml,29,1874,1.5,27
2026-07-13,devops,senior,any_ai,56,1271,4.4,56
2026-07-13,devops,senior,genai,20,1271,1.6,20
2026-07-13,devops,senior,ml,43,1271,3.4,43
2026-07-13,engineering,all,any_ai,853,8921,9.6,822
2026-07-13,engineering,all,genai,581,8921,6.5,551
2026-07-13,engineering,all,ml,426,8921,4.8,411
2026-07-13,engineering,entry,any_ai,6,233,2.6,5
2026-07-13,engineering,entry,genai,5,233,2.1,4
2026-07-13,engineering,entry,ml,1,233,0.4,1
2026-07-13,engineering,mid,any_ai,273,3480,7.8,263
2026-07-13,engineering,mid,genai,169,3480,4.9,163
2026-07-13,engineering,mid,ml,146,3480,4.2,137
2026-07-13,engineering,senior,any_ai,574,5208,11.0,554
2026-07-13,engineering,senior,genai,407,5208,7.8,384
2026-07-13,engineering,senior,ml,279,5208,5.4,273
2026-07-13,product,all,any_ai,191,1682,11.4,175
2026-07-13,product,all,genai,148,1682,8.8,132
2026-07-13,product,all,ml,80,1682,4.8,78
2026-07-13,product,entry,any_ai,0,22,0.0,0
2026-07-13,product,entry,genai,0,22,0.0,0
2026-07-13,product,entry,ml,0,22,0.0,0
2026-07-13,product,mid,any_ai,57,804,7.1,51
2026-07-13,product,mid,genai,46,804,5.7,41
2026-07-13,product,mid,ml,22,804,2.7,21
2026-07-13,product,senior,any_ai,134,856,15.7,124
2026-07-13,product,senior,genai,102,856,11.9,91
2026-07-13,product,senior,ml,58,856,6.8,57
2026-07-13,security,all,any_ai,51,1541,3.3,38
2026-07-13,security,all,genai,40,1541,2.6,28
2026-07-13,security,all,ml,19,1541,1.2,16
2026-07-13,security,entry,any_ai,0,89,0.0,0
2026-07-13,security,entry,genai,0,89,0.0,0
2026-07-13,security,entry,ml,0,89,0.0,0
2026-07-13,security,mid,any_ai,19,934,2.0,14
2026-07-13,security,mid,genai,14,934,1.5,9
2026-07-13,security,mid,ml,6,934,0.6,5
2026-07-13,security,senior,any_ai,32,518,6.2,24
2026-07-13,security,senior,genai,26,518,5.0,19
2026-07-13,security,senior,ml,13,518,2.5,11
2026-07-14,ai,all,any_ai,1180,2655,44.4,1175
2026-07-14,ai,all,genai,561,2655,21.1,553
2026-07-14,ai,all,ml,910,2655,34.3,903
2026-07-14,ai,entry,any_ai,19,88,21.6,19
2026-07-14,ai,entry,genai,4,88,4.5,4
2026-07-14,ai,entry,ml,18,88,20.5,18
2026-07-14,ai,mid,any_ai,551,1314,41.9,547
2026-07-14,ai,mid,genai,305,1314,23.2,300
2026-07-14,ai,mid,ml,386,1314,29.4,383
2026-07-14,ai,senior,any_ai,610,1253,48.7,609
2026-07-14,ai,senior,genai,252,1253,20.1,249
2026-07-14,ai,senior,ml,506,1253,40.4,502
2026-07-14,data,all,any_ai,573,6155,9.3,562
2026-07-14,data,all,genai,165,6155,2.7,162
2026-07-14,data,all,ml,490,6155,8.0,482
2026-07-14,data,entry,any_ai,30,343,8.7,30
2026-07-14,data,entry,genai,1,343,0.3,1
2026-07-14,data,entry,ml,29,343,8.5,29
2026-07-14,data,mid,any_ai,271,3537,7.7,266
2026-07-14,data,mid,genai,82,3537,2.3,81
2026-07-14,data,mid,ml,232,3537,6.6,228
2026-07-14,data,senior,any_ai,272,2275,12.0,266
2026-07-14,data,senior,genai,82,2275,3.6,80
2026-07-14,data,senior,ml,229,2275,10.1,225
2026-07-14,devops,all,any_ai,113,3338,3.4,107
2026-07-14,devops,all,genai,51,3338,1.5,47
2026-07-14,devops,all,ml,71,3338,2.1,69
2026-07-14,devops,entry,any_ai,0,49,0.0,0
2026-07-14,devops,entry,genai,0,49,0.0,0
2026-07-14,devops,entry,ml,0,49,0.0,0
2026-07-14,devops,mid,any_ai,56,1971,2.8,50
2026-07-14,devops,mid,genai,30,1971,1.5,26
2026-07-14,devops,mid,ml,30,1971,1.5,28
2026-07-14,devops,senior,any_ai,57,1318,4.3,57
2026-07-14,devops,senior,genai,21,1318,1.6,21
2026-07-14,devops,senior,ml,41,1318,3.1,41
2026-07-14,engineering,all,any_ai,877,9208,9.5,844
2026-07-14,engineering,all,genai,602,9208,6.5,571
2026-07-14,engineering,all,ml,404,9208,4.4,388
2026-07-14,engineering,entry,any_ai,6,241,2.5,5
2026-07-14,engineering,entry,genai,5,241,2.1,4
2026-07-14,engineering,entry,ml,1,241,0.4,1
2026-07-14,engineering,mid,any_ai,288,3623,7.9,277
2026-07-14,engineering,mid,genai,182,3623,5.0,176
2026-07-14,engineering,mid,ml,145,3623,4.0,135
2026-07-14,engineering,senior,any_ai,583,5344,10.9,562
2026-07-14,engineering,senior,genai,415,5344,7.8,391
2026-07-14,engineering,senior,ml,258,5344,4.8,252
2026-07-14,product,all,any_ai,195,1727,11.3,178
2026-07-14,product,all,genai,151,1727,8.7,134
2026-07-14,product,all,ml,73,1727,4.2,71
2026-07-14,product,entry,any_ai,0,22,0.0,0
2026-07-14,product,entry,genai,0,22,0.0,0
2026-07-14,product,entry,ml,0,22,0.0,0
2026-07-14,product,mid,any_ai,60,837,7.2,54
2026-07-14,product,mid,genai,48,837,5.7,43
2026-07-14,product,mid,ml,18,837,2.2,17
2026-07-14,product,senior,any_ai,135,868,15.6,124
2026-07-14,product,senior,genai,103,868,11.9,91
2026-07-14,product,senior,ml,55,868,6.3,54
2026-07-14,security,all,any_ai,52,1614,3.2,39
2026-07-14,security,all,genai,40,1614,2.5,28
2026-07-14,security,all,ml,20,1614,1.2,17
2026-07-14,security,entry,any_ai,0,91,0.0,0
2026-07-14,security,entry,genai,0,91,0.0,0
2026-07-14,security,entry,ml,0,91,0.0,0
2026-07-14,security,mid,any_ai,19,979,1.9,14
2026-07-14,security,mid,genai,14,979,1.4,9
2026-07-14,security,mid,ml,6,979,0.6,5
2026-07-14,security,senior,any_ai,33,544,6.1,25
2026-07-14,security,senior,genai,26,544,4.8,19
2026-07-14,security,senior,ml,14,544,2.6,12
2026-07-15,ai,all,any_ai,1228,2765,44.4,1223
2026-07-15,ai,all,genai,582,2765,21.0,574
2026-07-15,ai,all,ml,948,2765,34.3,941
2026-07-15,ai,entry,any_ai,19,92,20.7,19
2026-07-15,ai,entry,genai,4,92,4.3,4
2026-07-15,ai,entry,ml,18,92,19.6,18
2026-07-15,ai,mid,any_ai,581,1380,42.1,577
2026-07-15,ai,mid,genai,320,1380,23.2,315
2026-07-15,ai,mid,ml,408,1380,29.6,405
2026-07-15,ai,senior,any_ai,628,1293,48.6,627
2026-07-15,ai,senior,genai,258,1293,20.0,255
2026-07-15,ai,senior,ml,522,1293,40.4,518
2026-07-15,data,all,any_ai,608,6493,9.4,597
2026-07-15,data,all,genai,173,6493,2.7,170
2026-07-15,data,all,ml,523,6493,8.1,515
2026-07-15,data,entry,any_ai,30,349,8.6,30
2026-07-15,data,entry,genai,1,349,0.3,1
2026-07-15,data,entry,ml,29,349,8.3,29
2026-07-15,data,mid,any_ai,289,3746,7.7,284
2026-07-15,data,mid,genai,86,3746,2.3,85
2026-07-15,data,mid,ml,248,3746,6.6,244
2026-07-15,data,senior,any_ai,289,2398,12.1,283
2026-07-15,data,senior,genai,86,2398,3.6,84
2026-07-15,data,senior,ml,246,2398,10.3,242
2026-07-15,devops,all,any_ai,116,3530,3.3,110
2026-07-15,devops,all,genai,53,3530,1.5,49
2026-07-15,devops,all,ml,72,3530,2.0,70
2026-07-15,devops,entry,any_ai,0,56,0.0,0
2026-07-15,devops,entry,genai,0,56,0.0,0
2026-07-15,devops,entry,ml,0,56,0.0,0
2026-07-15,devops,mid,any_ai,57,2080,2.7,51
2026-07-15,devops,mid,genai,30,2080,1.4,26
2026-07-15,devops,mid,ml,31,2080,1.5,29
2026-07-15,devops,senior,any_ai,59,1394,4.2,59
2026-07-15,devops,senior,genai,23,1394,1.6,23
2026-07-15,devops,senior,ml,41,1394,2.9,41
2026-07-15,engineering,all,any_ai,904,9683,9.3,869
2026-07-15,engineering,all,genai,619,9683,6.4,588
2026-07-15,engineering,all,ml,413,9683,4.3,395
2026-07-15,engineering,entry,any_ai,5,246,2.0,4
2026-07-15,engineering,entry,genai,5,246,2.0,4
2026-07-15,engineering,entry,ml,0,246,0.0,0
2026-07-15,engineering,mid,any_ai,298,3851,7.7,287
2026-07-15,engineering,mid,genai,189,3851,4.9,183
2026-07-15,engineering,mid,ml,148,3851,3.8,138
2026-07-15,engineering,senior,any_ai,601,5586,10.8,578
2026-07-15,engineering,senior,genai,425,5586,7.6,401
2026-07-15,engineering,senior,ml,265,5586,4.7,257
2026-07-15,product,all,any_ai,201,1799,11.2,182
2026-07-15,product,all,genai,156,1799,8.7,137
2026-07-15,product,all,ml,74,1799,4.1,72
2026-07-15,product,entry,any_ai,0,22,0.0,0
2026-07-15,product,entry,genai,0,22,0.0,0
2026-07-15,product,entry,ml,0,22,0.0,0
2026-07-15,product,mid,any_ai,64,865,7.4,57
2026-07-15,product,mid,genai,51,865,5.9,45
2026-07-15,product,mid,ml,19,865,2.2,18
2026-07-15,product,senior,any_ai,137,912,15.0,125
2026-07-15,product,senior,genai,105,912,11.5,92
2026-07-15,product,senior,ml,55,912,6.0,54
2026-07-15,security,all,any_ai,53,1688,3.1,40
2026-07-15,security,all,genai,40,1688,2.4,28
2026-07-15,security,all,ml,21,1688,1.2,18
2026-07-15,security,entry,any_ai,0,92,0.0,0
2026-07-15,security,entry,genai,0,92,0.0,0
2026-07-15,security,entry,ml,0,92,0.0,0
2026-07-15,security,mid,any_ai,19,1024,1.9,14
2026-07-15,security,mid,genai,14,1024,1.4,9
2026-07-15,security,mid,ml,6,1024,0.6,5
2026-07-15,security,senior,any_ai,34,572,5.9,26
2026-07-15,security,senior,genai,26,572,4.5,19
2026-07-15,security,senior,ml,15,572,2.6,13
2026-07-16,ai,all,any_ai,1226,2838,43.2,1221
2026-07-16,ai,all,genai,576,2838,20.3,568
2026-07-16,ai,all,ml,950,2838,33.5,943
2026-07-16,ai,entry,any_ai,19,93,20.4,19
2026-07-16,ai,entry,genai,4,93,4.3,4
2026-07-16,ai,entry,ml,18,93,19.4,18
2026-07-16,ai,mid,any_ai,586,1432,40.9,582
2026-07-16,ai,mid,genai,317,1432,22.1,312
2026-07-16,ai,mid,ml,413,1432,28.8,410
2026-07-16,ai,senior,any_ai,621,1313,47.3,620
2026-07-16,ai,senior,genai,255,1313,19.4,252
2026-07-16,ai,senior,ml,519,1313,39.5,515
2026-07-16,data,all,any_ai,599,6568,9.1,588
2026-07-16,data,all,genai,171,6568,2.6,168
2026-07-16,data,all,ml,518,6568,7.9,510
2026-07-16,data,entry,any_ai,28,344,8.1,28
2026-07-16,data,entry,genai,0,344,0.0,0
2026-07-16,data,entry,ml,28,344,8.1,28
2026-07-16,data,mid,any_ai,281,3810,7.4,276
2026-07-16,data,mid,genai,84,3810,2.2,83
2026-07-16,data,mid,ml,243,3810,6.4,239
2026-07-16,data,senior,any_ai,290,2414,12.0,284
2026-07-16,data,senior,genai,87,2414,3.6,85
2026-07-16,data,senior,ml,247,2414,10.2,243
2026-07-16,devops,all,any_ai,118,3562,3.3,112
2026-07-16,devops,all,genai,55,3562,1.5,51
2026-07-16,devops,all,ml,73,3562,2.0,71
2026-07-16,devops,entry,any_ai,0,60,0.0,0
2026-07-16,devops,entry,genai,0,60,0.0,0
2026-07-16,devops,entry,ml,0,60,0.0,0
2026-07-16,devops,mid,any_ai,58,2101,2.8,52
2026-07-16,devops,mid,genai,31,2101,1.5,27
2026-07-16,devops,mid,ml,31,2101,1.5,29
2026-07-16,devops,senior,any_ai,60,1401,4.3,60
2026-07-16,devops,senior,genai,24,1401,1.7,24
2026-07-16,devops,senior,ml,42,1401,3.0,42
2026-07-16,engineering,all,any_ai,949,9828,9.7,913
2026-07-16,engineering,all,genai,650,9828,6.6,619
2026-07-16,engineering,all,ml,430,9828,4.4,412
2026-07-16,engineering,entry,any_ai,6,254,2.4,5
2026-07-16,engineering,entry,genai,5,254,2.0,4
2026-07-16,engineering,entry,ml,1,254,0.4,1
2026-07-16,engineering,mid,any_ai,305,3909,7.8,294
2026-07-16,engineering,mid,genai,189,3909,4.8,183
2026-07-16,engineering,mid,ml,155,3909,4.0,145
2026-07-16,engineering,senior,any_ai,638,5665,11.3,614
2026-07-16,engineering,senior,genai,456,5665,8.0,432
2026-07-16,engineering,senior,ml,274,5665,4.8,266
2026-07-16,product,all,any_ai,200,1771,11.3,181
2026-07-16,product,all,genai,158,1771,8.9,139
2026-07-16,product,all,ml,71,1771,4.0,69
2026-07-16,product,entry,any_ai,0,24,0.0,0
2026-07-16,product,entry,genai,0,24,0.0,0
2026-07-16,product,entry,ml,0,24,0.0,0
2026-07-16,product,mid,any_ai,62,817,7.6,55
2026-07-16,product,mid,genai,52,817,6.4,46
2026-07-16,product,mid,ml,16,817,2.0,15
2026-07-16,product,senior,any_ai,138,930,14.8,126
2026-07-16,product,senior,genai,106,930,11.4,93
2026-07-16,product,senior,ml,55,930,5.9,54
2026-07-16,security,all,any_ai,52,1686,3.1,39
2026-07-16,security,all,genai,40,1686,2.4,28
2026-07-16,security,all,ml,20,1686,1.2,17
2026-07-16,security,entry,any_ai,0,91,0.0,0
2026-07-16,security,entry,genai,0,91,0.0,0
2026-07-16,security,entry,ml,0,91,0.0,0
2026-07-16,security,mid,any_ai,19,1007,1.9,14
2026-07-16,security,mid,genai,15,1007,1.5,10
2026-07-16,security,mid,ml,5,1007,0.5,4
2026-07-16,security,senior,any_ai,33,588,5.6,25
2026-07-16,security,senior,genai,25,588,4.3,18
2026-07-16,security,senior,ml,15,588,2.6,13
2026-07-17,ai,all,any_ai,1221,2875,42.5,1216
2026-07-17,ai,all,genai,572,2875,19.9,563
2026-07-17,ai,all,ml,957,2875,33.3,950
2026-07-17,ai,entry,any_ai,23,96,24.0,23
2026-07-17,ai,entry,genai,4,96,4.2,4
2026-07-17,ai,entry,ml,22,96,22.9,22
2026-07-17,ai,mid,any_ai,587,1433,41.0,583
2026-07-17,ai,mid,genai,318,1433,22.2,312
2026-07-17,ai,mid,ml,417,1433,29.1,414
2026-07-17,ai,senior,any_ai,611,1346,45.4,610
2026-07-17,ai,senior,genai,250,1346,18.6,247
2026-07-17,ai,senior,ml,518,1346,38.5,514
2026-07-17,data,all,any_ai,581,6500,8.9,570
2026-07-17,data,all,genai,170,6500,2.6,167
2026-07-17,data,all,ml,504,6500,7.8,496
2026-07-17,data,entry,any_ai,28,350,8.0,28
2026-07-17,data,entry,genai,0,350,0.0,0
2026-07-17,data,entry,ml,28,350,8.0,28
2026-07-17,data,mid,any_ai,276,3740,7.4,271
2026-07-17,data,mid,genai,82,3740,2.2,81
2026-07-17,data,mid,ml,240,3740,6.4,236
2026-07-17,data,senior,any_ai,277,2410,11.5,271
2026-07-17,data,senior,genai,88,2410,3.7,86
2026-07-17,data,senior,ml,236,2410,9.8,232
2026-07-17,devops,all,any_ai,122,3610,3.4,116
2026-07-17,devops,all,genai,59,3610,1.6,55
2026-07-17,devops,all,ml,73,3610,2.0,71
2026-07-17,devops,entry,any_ai,0,60,0.0,0
2026-07-17,devops,entry,genai,0,60,0.0,0
2026-07-17,devops,entry,ml,0,60,0.0,0
2026-07-17,devops,mid,any_ai,59,2114,2.8,53
2026-07-17,devops,mid,genai,33,2114,1.6,29
2026-07-17,devops,mid,ml,31,2114,1.5,29
2026-07-17,devops,senior,any_ai,63,1436,4.4,63
2026-07-17,devops,senior,genai,26,1436,1.8,26
2026-07-17,devops,senior,ml,42,1436,2.9,42
2026-07-17,engineering,all,any_ai,958,9882,9.7,921
2026-07-17,engineering,all,genai,653,9882,6.6,620
2026-07-17,engineering,all,ml,437,9882,4.4,419
2026-07-17,engineering,entry,any_ai,6,254,2.4,5
2026-07-17,engineering,entry,genai,5,254,2.0,4
2026-07-17,engineering,entry,ml,1,254,0.4,1
2026-07-17,engineering,mid,any_ai,305,3895,7.8,293
2026-07-17,engineering,mid,genai,187,3895,4.8,180
2026-07-17,engineering,mid,ml,157,3895,4.0,147
2026-07-17,engineering,senior,any_ai,647,5733,11.3,623
2026-07-17,engineering,senior,genai,461,5733,8.0,436
2026-07-17,engineering,senior,ml,279,5733,4.9,271
2026-07-17,product,all,any_ai,203,1779,11.4,184
2026-07-17,product,all,genai,158,1779,8.9,139
2026-07-17,product,all,ml,74,1779,4.2,72
2026-07-17,product,entry,any_ai,1,28,3.6,1
2026-07-17,product,entry,genai,0,28,0.0,0
2026-07-17,product,entry,ml,1,28,3.6,1
2026-07-17,product,mid,any_ai,64,816,7.8,57
2026-07-17,product,mid,genai,53,816,6.5,47
2026-07-17,product,mid,ml,17,816,2.1,16
2026-07-17,product,senior,any_ai,138,935,14.8,126
2026-07-17,product,senior,genai,105,935,11.2,92
2026-07-17,product,senior,ml,56,935,6.0,55
2026-07-17,security,all,any_ai,55,1721,3.2,42
2026-07-17,security,all,genai,42,1721,2.4,30
2026-07-17,security,all,ml,21,1721,1.2,18
2026-07-17,security,entry,any_ai,0,90,0.0,0
2026-07-17,security,entry,genai,0,90,0.0,0
2026-07-17,security,entry,ml,0,90,0.0,0
2026-07-17,security,mid,any_ai,19,1018,1.9,14
2026-07-17,security,mid,genai,15,1018,1.5,10
2026-07-17,security,mid,ml,5,1018,0.5,4
2026-07-17,security,senior,any_ai,36,613,5.9,28
2026-07-17,security,senior,genai,27,613,4.4,20
2026-07-17,security,senior,ml,16,613,2.6,14
2026-07-18,ai,all,any_ai,1208,2874,42.0,1203
2026-07-18,ai,all,genai,559,2874,19.5,550
2026-07-18,ai,all,ml,958,2874,33.3,951
2026-07-18,ai,entry,any_ai,20,93,21.5,20
2026-07-18,ai,entry,genai,4,93,4.3,4
2026-07-18,ai,entry,ml,19,93,20.4,19
2026-07-18,ai,mid,any_ai,582,1437,40.5,578
2026-07-18,ai,mid,genai,314,1437,21.9,308
2026-07-18,ai,mid,ml,418,1437,29.1,415
2026-07-18,ai,senior,any_ai,606,1344,45.1,605
2026-07-18,ai,senior,genai,241,1344,17.9,238
2026-07-18,ai,senior,ml,521,1344,38.8,517
2026-07-18,data,all,any_ai,571,6519,8.8,560
2026-07-18,data,all,genai,170,6519,2.6,167
2026-07-18,data,all,ml,495,6519,7.6,487
2026-07-18,data,entry,any_ai,25,349,7.2,25
2026-07-18,data,entry,genai,0,349,0.0,0
2026-07-18,data,entry,ml,25,349,7.2,25
2026-07-18,data,mid,any_ai,282,3767,7.5,277
2026-07-18,data,mid,genai,84,3767,2.2,83
2026-07-18,data,mid,ml,245,3767,6.5,241
2026-07-18,data,senior,any_ai,264,2403,11.0,258
2026-07-18,data,senior,genai,86,2403,3.6,84
2026-07-18,data,senior,ml,225,2403,9.4,221
2026-07-18,devops,all,any_ai,133,3623,3.7,127
2026-07-18,devops,all,genai,59,3623,1.6,55
2026-07-18,devops,all,ml,84,3623,2.3,82
2026-07-18,devops,entry,any_ai,0,58,0.0,0
2026-07-18,devops,entry,genai,0,58,0.0,0
2026-07-18,devops,entry,ml,0,58,0.0,0
2026-07-18,devops,mid,any_ai,66,2117,3.1,60
2026-07-18,devops,mid,genai,33,2117,1.6,29
2026-07-18,devops,mid,ml,38,2117,1.8,36
2026-07-18,devops,senior,any_ai,67,1448,4.6,67
2026-07-18,devops,senior,genai,26,1448,1.8,26
2026-07-18,devops,senior,ml,46,1448,3.2,46
2026-07-18,engineering,all,any_ai,960,9940,9.7,923
2026-07-18,engineering,all,genai,651,9940,6.5,618
2026-07-18,engineering,all,ml,440,9940,4.4,422
2026-07-18,engineering,entry,any_ai,6,211,2.8,5
2026-07-18,engineering,entry,genai,5,211,2.4,4
2026-07-18,engineering,entry,ml,1,211,0.5,1
2026-07-18,engineering,mid,any_ai,309,3955,7.8,297
2026-07-18,engineering,mid,genai,188,3955,4.8,181
2026-07-18,engineering,mid,ml,160,3955,4.0,150
2026-07-18,engineering,senior,any_ai,645,5774,11.2,621
2026-07-18,engineering,senior,genai,458,5774,7.9,433
2026-07-18,engineering,senior,ml,279,5774,4.8,271
2026-07-18,product,all,any_ai,202,1806,11.2,183
2026-07-18,product,all,genai,158,1806,8.7,139
2026-07-18,product,all,ml,73,1806,4.0,71
2026-07-18,product,entry,any_ai,1,28,3.6,1
2026-07-18,product,entry,genai,0,28,0.0,0
2026-07-18,product,entry,ml,1,28,3.6,1
2026-07-18,product,mid,any_ai,63,817,7.7,56
2026-07-18,product,mid,genai,53,817,6.5,47
2026-07-18,product,mid,ml,16,817,2.0,15
2026-07-18,product,senior,any_ai,138,961,14.4,126
2026-07-18,product,senior,genai,105,961,10.9,92
2026-07-18,product,senior,ml,56,961,5.8,55
2026-07-18,security,all,any_ai,56,1713,3.3,43
2026-07-18,security,all,genai,43,1713,2.5,31
2026-07-18,security,all,ml,21,1713,1.2,18
2026-07-18,security,entry,any_ai,0,90,0.0,0
2026-07-18,security,entry,genai,0,90,0.0,0
2026-07-18,security,entry,ml,0,90,0.0,0
2026-07-18,security,mid,any_ai,19,1006,1.9,14
2026-07-18,security,mid,genai,15,1006,1.5,10
2026-07-18,security,mid,ml,5,1006,0.5,4
2026-07-18,security,senior,any_ai,37,617,6.0,29
2026-07-18,security,senior,genai,28,617,4.5,21
2026-07-18,security,senior,ml,16,617,2.6,14
2026-07-19,ai,all,any_ai,1263,2987,42.3,1258
2026-07-19,ai,all,genai,572,2987,19.1,563
2026-07-19,ai,all,ml,1005,2987,33.6,998
2026-07-19,ai,entry,any_ai,46,131,35.1,46
2026-07-19,ai,entry,genai,5,131,3.8,5
2026-07-19,ai,entry,ml,44,131,33.6,44
2026-07-19,ai,mid,any_ai,599,1478,40.5,595
2026-07-19,ai,mid,genai,321,1478,21.7,315
2026-07-19,ai,mid,ml,431,1478,29.2,428
2026-07-19,ai,senior,any_ai,618,1378,44.8,617
2026-07-19,ai,senior,genai,246,1378,17.9,243
2026-07-19,ai,senior,ml,530,1378,38.5,526
2026-07-19,data,all,any_ai,584,6738,8.7,572
2026-07-19,data,all,genai,174,6738,2.6,170
2026-07-19,data,all,ml,504,6738,7.5,496
2026-07-19,data,entry,any_ai,25,361,6.9,25
2026-07-19,data,entry,genai,0,361,0.0,0
2026-07-19,data,entry,ml,25,361,6.9,25
2026-07-19,data,mid,any_ai,289,3895,7.4,283
2026-07-19,data,mid,genai,86,3895,2.2,84
2026-07-19,data,mid,ml,250,3895,6.4,246
2026-07-19,data,senior,any_ai,270,2482,10.9,264
2026-07-19,data,senior,genai,88,2482,3.5,86
2026-07-19,data,senior,ml,229,2482,9.2,225
2026-07-19,devops,all,any_ai,136,3743,3.6,130
2026-07-19,devops,all,genai,59,3743,1.6,55
2026-07-19,devops,all,ml,87,3743,2.3,85
2026-07-19,devops,entry,any_ai,0,61,0.0,0
2026-07-19,devops,entry,genai,0,61,0.0,0
2026-07-19,devops,entry,ml,0,61,0.0,0
2026-07-19,devops,mid,any_ai,66,2188,3.0,60
2026-07-19,devops,mid,genai,33,2188,1.5,29
2026-07-19,devops,mid,ml,38,2188,1.7,36
2026-07-19,devops,senior,any_ai,70,1494,4.7,70
2026-07-19,devops,senior,genai,26,1494,1.7,26
2026-07-19,devops,senior,ml,49,1494,3.3,49
2026-07-19,engineering,all,any_ai,996,10237,9.7,958
2026-07-19,engineering,all,genai,682,10237,6.7,649
2026-07-19,engineering,all,ml,446,10237,4.4,427
2026-07-19,engineering,entry,any_ai,6,218,2.8,5
2026-07-19,engineering,entry,genai,5,218,2.3,4
2026-07-19,engineering,entry,ml,1,218,0.5,1
2026-07-19,engineering,mid,any_ai,313,4064,7.7,301
2026-07-19,engineering,mid,genai,191,4064,4.7,184
2026-07-19,engineering,mid,ml,162,4064,4.0,152
2026-07-19,engineering,senior,any_ai,677,5955,11.4,652
2026-07-19,engineering,senior,genai,486,5955,8.2,461
2026-07-19,engineering,senior,ml,283,5955,4.8,274
2026-07-19,product,all,any_ai,203,1859,10.9,184
2026-07-19,product,all,genai,159,1859,8.6,140
2026-07-19,product,all,ml,73,1859,3.9,71
2026-07-19,product,entry,any_ai,1,29,3.4,1
2026-07-19,product,entry,genai,0,29,0.0,0
2026-07-19,product,entry,ml,1,29,3.4,1
2026-07-19,product,mid,any_ai,63,840,7.5,56
2026-07-19,product,mid,genai,53,840,6.3,47
2026-07-19,product,mid,ml,16,840,1.9,15
2026-07-19,product,senior,any_ai,139,990,14.0,127
2026-07-19,product,senior,genai,106,990,10.7,93
2026-07-19,product,senior,ml,56,990,5.7,55
2026-07-19,security,all,any_ai,56,1766,3.2,43
2026-07-19,security,all,genai,43,1766,2.4,31
2026-07-19,security,all,ml,21,1766,1.2,18
2026-07-19,security,entry,any_ai,0,92,0.0,0
2026-07-19,security,entry,genai,0,92,0.0,0
2026-07-19,security,entry,ml,0,92,0.0,0
2026-07-19,security,mid,any_ai,19,1030,1.8,14
2026-07-19,security,mid,genai,15,1030,1.5,10
2026-07-19,security,mid,ml,5,1030,0.5,4
2026-07-19,security,senior,any_ai,37,644,5.7,29
2026-07-19,security,senior,genai,28,644,4.3,21
2026-07-19,security,senior,ml,16,644,2.5,14
2026-07-20,ai,all,any_ai,1317,3076,42.8,1312
2026-07-20,ai,all,genai,597,3076,19.4,588
2026-07-20,ai,all,ml,1050,3076,34.1,1043
2026-07-20,ai,entry,any_ai,46,133,34.6,46
2026-07-20,ai,entry,genai,5,133,3.8,5
2026-07-20,ai,entry,ml,44,133,33.1,44
2026-07-20,ai,mid,any_ai,605,1505,40.2,601
2026-07-20,ai,mid,genai,323,1505,21.5,317
2026-07-20,ai,mid,ml,434,1505,28.8,431
2026-07-20,ai,senior,any_ai,666,1438,46.3,665
2026-07-20,ai,senior,genai,269,1438,18.7,266
2026-07-20,ai,senior,ml,572,1438,39.8,568
2026-07-20,data,all,any_ai,594,6892,8.6,582
2026-07-20,data,all,genai,176,6892,2.6,172
2026-07-20,data,all,ml,513,6892,7.4,505
2026-07-20,data,entry,any_ai,25,364,6.9,25
2026-07-20,data,entry,genai,0,364,0.0,0
2026-07-20,data,entry,ml,25,364,6.9,25
2026-07-20,data,mid,any_ai,293,3995,7.3,287
2026-07-20,data,mid,genai,86,3995,2.2,84
2026-07-20,data,mid,ml,254,3995,6.4,250
2026-07-20,data,senior,any_ai,276,2533,10.9,270
2026-07-20,data,senior,genai,90,2533,3.6,88
2026-07-20,data,senior,ml,234,2533,9.2,230
2026-07-20,devops,all,any_ai,138,3880,3.6,132
2026-07-20,devops,all,genai,60,3880,1.5,56
2026-07-20,devops,all,ml,88,3880,2.3,86
2026-07-20,devops,entry,any_ai,0,64,0.0,0
2026-07-20,devops,entry,genai,0,64,0.0,0
2026-07-20,devops,entry,ml,0,64,0.0,0
2026-07-20,devops,mid,any_ai,66,2235,3.0,60
2026-07-20,devops,mid,genai,33,2235,1.5,29
2026-07-20,devops,mid,ml,38,2235,1.7,36
2026-07-20,devops,senior,any_ai,72,1581,4.6,72
2026-07-20,devops,senior,genai,27,1581,1.7,27
2026-07-20,devops,senior,ml,50,1581,3.2,50
2026-07-20,engineering,all,any_ai,1001,10483,9.5,963
2026-07-20,engineering,all,genai,686,10483,6.5,653
2026-07-20,engineering,all,ml,449,10483,4.3,430
2026-07-20,engineering,entry,any_ai,6,221,2.7,5
2026-07-20,engineering,entry,genai,5,221,2.3,4
2026-07-20,engineering,entry,ml,1,221,0.5,1
2026-07-20,engineering,mid,any_ai,314,4196,7.5,302
2026-07-20,engineering,mid,genai,193,4196,4.6,186
2026-07-20,engineering,mid,ml,163,4196,3.9,153
2026-07-20,engineering,senior,any_ai,681,6066,11.2,656
2026-07-20,engineering,senior,genai,488,6066,8.0,463
2026-07-20,engineering,senior,ml,285,6066,4.7,276
2026-07-20,product,all,any_ai,208,1921,10.8,189
2026-07-20,product,all,genai,164,1921,8.5,145
2026-07-20,product,all,ml,73,1921,3.8,71
2026-07-20,product,entry,any_ai,1,30,3.3,1
2026-07-20,product,entry,genai,0,30,0.0,0
2026-07-20,product,entry,ml,1,30,3.3,1
2026-07-20,product,mid,any_ai,66,872,7.6,59
2026-07-20,product,mid,genai,56,872,6.4,50
2026-07-20,product,mid,ml,16,872,1.8,15
2026-07-20,product,senior,any_ai,141,1019,13.8,129
2026-07-20,product,senior,genai,108,1019,10.6,95
2026-07-20,product,senior,ml,56,1019,5.5,55
2026-07-20,security,all,any_ai,56,1823,3.1,43
2026-07-20,security,all,genai,43,1823,2.4,31
2026-07-20,security,all,ml,21,1823,1.2,18
2026-07-20,security,entry,any_ai,0,95,0.0,0
2026-07-20,security,entry,genai,0,95,0.0,0
2026-07-20,security,entry,ml,0,95,0.0,0
2026-07-20,security,mid,any_ai,19,1062,1.8,14
2026-07-20,security,mid,genai,15,1062,1.4,10
2026-07-20,security,mid,ml,5,1062,0.5,4
2026-07-20,security,senior,any_ai,37,666,5.6,29
2026-07-20,security,senior,genai,28,666,4.2,21
2026-07-20,security,senior,ml,16,666,2.4,14
2026-07-21,ai,all,any_ai,1386,3213,43.1,1381
2026-07-21,ai,all,genai,620,3213,19.3,611
2026-07-21,ai,all,ml,1101,3213,34.3,1094
2026-07-21,ai,entry,any_ai,48,136,35.3,48
2026-07-21,ai,entry,genai,6,136,4.4,6
2026-07-21,ai,entry,ml,45,136,33.1,45
2026-07-21,ai,mid,any_ai,631,1575,40.1,627
2026-07-21,ai,mid,genai,333,1575,21.1,327
2026-07-21,ai,mid,ml,452,1575,28.7,449
2026-07-21,ai,senior,any_ai,707,1502,47.1,706
2026-07-21,ai,senior,genai,281,1502,18.7,278
2026-07-21,ai,senior,ml,604,1502,40.2,600
2026-07-21,data,all,any_ai,625,7177,8.7,613
2026-07-21,data,all,genai,181,7177,2.5,177
2026-07-21,data,all,ml,540,7177,7.5,532
2026-07-21,data,entry,any_ai,26,371,7.0,26
2026-07-21,data,entry,genai,0,371,0.0,0
2026-07-21,data,entry,ml,26,371,7.0,26
2026-07-21,data,mid,any_ai,302,4139,7.3,296
2026-07-21,data,mid,genai,89,4139,2.2,87
2026-07-21,data,mid,ml,260,4139,6.3,256
2026-07-21,data,senior,any_ai,297,2667,11.1,291
2026-07-21,data,senior,genai,92,2667,3.4,90
2026-07-21,data,senior,ml,254,2667,9.5,250
2026-07-21,devops,all,any_ai,146,4010,3.6,139
2026-07-21,devops,all,genai,62,4010,1.5,57
2026-07-21,devops,all,ml,94,4010,2.3,92
2026-07-21,devops,entry,any_ai,0,65,0.0,0
2026-07-21,devops,entry,genai,0,65,0.0,0
2026-07-21,devops,entry,ml,0,65,0.0,0
2026-07-21,devops,mid,any_ai,72,2308,3.1,65
2026-07-21,devops,mid,genai,35,2308,1.5,30
2026-07-21,devops,mid,ml,42,2308,1.8,40
2026-07-21,devops,senior,any_ai,74,1637,4.5,74
2026-07-21,devops,senior,genai,27,1637,1.6,27
2026-07-21,devops,senior,ml,52,1637,3.2,52
2026-07-21,engineering,all,any_ai,1026,10886,9.4,988
2026-07-21,engineering,all,genai,704,10886,6.5,671
2026-07-21,engineering,all,ml,460,10886,4.2,441
2026-07-21,engineering,entry,any_ai,6,225,2.7,5
2026-07-21,engineering,entry,genai,5,225,2.2,4
2026-07-21,engineering,entry,ml,1,225,0.4,1
2026-07-21,engineering,mid,any_ai,324,4396,7.4,312
2026-07-21,engineering,mid,genai,200,4396,4.5,193
2026-07-21,engineering,mid,ml,169,4396,3.8,159
2026-07-21,engineering,senior,any_ai,696,6265,11.1,671
2026-07-21,engineering,senior,genai,499,6265,8.0,474
2026-07-21,engineering,senior,ml,290,6265,4.6,281
2026-07-21,product,all,any_ai,210,1983,10.6,191
2026-07-21,product,all,genai,165,1983,8.3,146
2026-07-21,product,all,ml,74,1983,3.7,72
2026-07-21,product,entry,any_ai,1,32,3.1,1
2026-07-21,product,entry,genai,0,32,0.0,0
2026-07-21,product,entry,ml,1,32,3.1,1
2026-07-21,product,mid,any_ai,66,907,7.3,59
2026-07-21,product,mid,genai,56,907,6.2,50
2026-07-21,product,mid,ml,16,907,1.8,15
2026-07-21,product,senior,any_ai,143,1044,13.7,131
2026-07-21,product,senior,genai,109,1044,10.4,96
2026-07-21,product,senior,ml,57,1044,5.5,56
2026-07-21,security,all,any_ai,58,1907,3.0,45
2026-07-21,security,all,genai,44,1907,2.3,32
2026-07-21,security,all,ml,22,1907,1.2,19
2026-07-21,security,entry,any_ai,0,105,0.0,0
2026-07-21,security,entry,genai,0,105,0.0,0
2026-07-21,security,entry,ml,0,105,0.0,0
2026-07-21,security,mid,any_ai,19,1111,1.7,14
2026-07-21,security,mid,genai,15,1111,1.4,10
2026-07-21,security,mid,ml,5,1111,0.5,4
2026-07-21,security,senior,any_ai,39,691,5.6,31
2026-07-21,security,senior,genai,29,691,4.2,22
2026-07-21,security,senior,ml,17,691,2.5,15
2026-07-22,ai,all,any_ai,1444,3356,43.0,1438
2026-07-22,ai,all,genai,640,3356,19.1,630
2026-07-22,ai,all,ml,1153,3356,34.4,1146
2026-07-22,ai,entry,any_ai,49,140,35.0,49
2026-07-22,ai,entry,genai,6,140,4.3,6
2026-07-22,ai,entry,ml,46,140,32.9,46
2026-07-22,ai,mid,any_ai,660,1642,40.2,655
2026-07-22,ai,mid,genai,349,1642,21.3,342
2026-07-22,ai,mid,ml,476,1642,29.0,473
2026-07-22,ai,senior,any_ai,735,1574,46.7,734
2026-07-22,ai,senior,genai,285,1574,18.1,282
2026-07-22,ai,senior,ml,631,1574,40.1,627
2026-07-22,data,all,any_ai,643,7447,8.6,630
2026-07-22,data,all,genai,185,7447,2.5,181
2026-07-22,data,all,ml,556,7447,7.5,547
2026-07-22,data,entry,any_ai,28,378,7.4,28
2026-07-22,data,entry,genai,0,378,0.0,0
2026-07-22,data,entry,ml,28,378,7.4,28
2026-07-22,data,mid,any_ai,311,4298,7.2,304
2026-07-22,data,mid,genai,92,4298,2.1,90
2026-07-22,data,mid,ml,268,4298,6.2,263
2026-07-22,data,senior,any_ai,304,2771,11.0,298
2026-07-22,data,senior,genai,93,2771,3.4,91
2026-07-22,data,senior,ml,260,2771,9.4,256
2026-07-22,devops,all,any_ai,148,4199,3.5,141
2026-07-22,devops,all,genai,64,4199,1.5,58
2026-07-22,devops,all,ml,96,4199,2.3,94
2026-07-22,devops,entry,any_ai,0,66,0.0,0
2026-07-22,devops,entry,genai,0,66,0.0,0
2026-07-22,devops,entry,ml,0,66,0.0,0
2026-07-22,devops,mid,any_ai,74,2413,3.1,67
2026-07-22,devops,mid,genai,37,2413,1.5,31
2026-07-22,devops,mid,ml,44,2413,1.8,42
2026-07-22,devops,senior,any_ai,74,1720,4.3,74
2026-07-22,devops,senior,genai,27,1720,1.6,27
2026-07-22,devops,senior,ml,52,1720,3.0,52
2026-07-22,engineering,all,any_ai,1053,11337,9.3,1013
2026-07-22,engineering,all,genai,719,11337,6.3,685
2026-07-22,engineering,all,ml,474,11337,4.2,454
2026-07-22,engineering,entry,any_ai,7,237,3.0,6
2026-07-22,engineering,entry,genai,5,237,2.1,4
2026-07-22,engineering,entry,ml,2,237,0.8,2
2026-07-22,engineering,mid,any_ai,333,4589,7.3,321
2026-07-22,engineering,mid,genai,203,4589,4.4,196
2026-07-22,engineering,mid,ml,174,4589,3.8,164
2026-07-22,engineering,senior,any_ai,713,6511,11.0,686
2026-07-22,engineering,senior,genai,511,6511,7.8,485
2026-07-22,engineering,senior,ml,298,6511,4.6,288
2026-07-22,product,all,any_ai,218,2072,10.5,198
2026-07-22,product,all,genai,170,2072,8.2,151
2026-07-22,product,all,ml,77,2072,3.7,74
2026-07-22,product,entry,any_ai,1,36,2.8,1
2026-07-22,product,entry,genai,0,36,0.0,0
2026-07-22,product,entry,ml,1,36,2.8,1
2026-07-22,product,mid,any_ai,71,948,7.5,64
2026-07-22,product,mid,genai,60,948,6.3,54
2026-07-22,product,mid,ml,17,948,1.8,16
2026-07-22,product,senior,any_ai,146,1088,13.4,133
2026-07-22,product,senior,genai,110,1088,10.1,97
2026-07-22,product,senior,ml,59,1088,5.4,57
2026-07-22,security,all,any_ai,60,1971,3.0,47
2026-07-22,security,all,genai,44,1971,2.2,32
2026-07-22,security,all,ml,24,1971,1.2,21
2026-07-22,security,entry,any_ai,0,107,0.0,0
2026-07-22,security,entry,genai,0,107,0.0,0
2026-07-22,security,entry,ml,0,107,0.0,0
2026-07-22,security,mid,any_ai,20,1148,1.7,15
2026-07-22,security,mid,genai,15,1148,1.3,10
2026-07-22,security,mid,ml,6,1148,0.5,5
2026-07-22,security,senior,any_ai,40,716,5.6,32
2026-07-22,security,senior,genai,29,716,4.1,22
2026-07-22,security,senior,ml,18,716,2.5,16
2026-08-01,ai,all,any_ai,1576,3589,43.9,1570
2026-08-01,ai,all,genai,699,3589,19.5,689
2026-08-01,ai,all,ml,1250,3589,34.8,1243
2026-08-01,ai,entry,any_ai,51,145,35.2,51
2026-08-01,ai,entry,genai,7,145,4.8,7
2026-08-01,ai,entry,ml,47,145,32.4,47
2026-08-01,ai,mid,any_ai,719,1749,41.1,714
2026-08-01,ai,mid,genai,374,1749,21.4,367
2026-08-01,ai,mid,ml,519,1749,29.7,516
2026-08-01,ai,senior,any_ai,806,1695,47.6,805
2026-08-01,ai,senior,genai,318,1695,18.8,315
2026-08-01,ai,senior,ml,684,1695,40.4,680
2026-08-01,data,all,any_ai,695,7962,8.7,679
2026-08-01,data,all,genai,207,7962,2.6,201
2026-08-01,data,all,ml,598,7962,7.5,587
2026-08-01,data,entry,any_ai,30,398,7.5,30
2026-08-01,data,entry,genai,1,398,0.3,1
2026-08-01,data,entry,ml,30,398,7.5,30
2026-08-01,data,mid,any_ai,332,4603,7.2,325
2026-08-01,data,mid,genai,101,4603,2.2,99
2026-08-01,data,mid,ml,286,4603,6.2,281
2026-08-01,data,senior,any_ai,333,2961,11.2,324
2026-08-01,data,senior,genai,105,2961,3.5,101
2026-08-01,data,senior,ml,282,2961,9.5,276
2026-08-01,devops,all,any_ai,166,4496,3.7,156
2026-08-01,devops,all,genai,74,4496,1.6,65
2026-08-01,devops,all,ml,104,4496,2.3,102
2026-08-01,devops,entry,any_ai,0,70,0.0,0
2026-08-01,devops,entry,genai,0,70,0.0,0
2026-08-01,devops,entry,ml,0,70,0.0,0
2026-08-01,devops,mid,any_ai,85,2583,3.3,76
2026-08-01,devops,mid,genai,44,2583,1.7,36
2026-08-01,devops,mid,ml,48,2583,1.9,46
2026-08-01,devops,senior,any_ai,81,1843,4.4,80
2026-08-01,devops,senior,genai,30,1843,1.6,29
2026-08-01,devops,senior,ml,56,1843,3.0,56
2026-08-01,engineering,all,any_ai,1128,12166,9.3,1080
2026-08-01,engineering,all,genai,772,12166,6.3,731
2026-08-01,engineering,all,ml,505,12166,4.2,481
2026-08-01,engineering,entry,any_ai,8,249,3.2,7
2026-08-01,engineering,entry,genai,5,249,2.0,4
2026-08-01,engineering,entry,ml,3,249,1.2,3
2026-08-01,engineering,mid,any_ai,355,4932,7.2,343
2026-08-01,engineering,mid,genai,218,4932,4.4,211
2026-08-01,engineering,mid,ml,183,4932,3.7,173
2026-08-01,engineering,senior,any_ai,765,6985,11.0,730
2026-08-01,engineering,senior,genai,549,6985,7.9,516
2026-08-01,engineering,senior,ml,319,6985,4.6,305
2026-08-01,product,all,any_ai,229,2198,10.4,209
2026-08-01,product,all,genai,179,2198,8.1,158
2026-08-01,product,all,ml,82,2198,3.7,79
2026-08-01,product,entry,any_ai,1,36,2.8,1
2026-08-01,product,entry,genai,0,36,0.0,0
2026-08-01,product,entry,ml,1,36,2.8,1
2026-08-01,product,mid,any_ai,73,992,7.4,66
2026-08-01,product,mid,genai,60,992,6.0,54
2026-08-01,product,mid,ml,19,992,1.9,18
2026-08-01,product,senior,any_ai,155,1170,13.2,142
2026-08-01,product,senior,genai,119,1170,10.2,104
2026-08-01,product,senior,ml,62,1170,5.3,60
2026-08-01,security,all,any_ai,66,2077,3.2,51
2026-08-01,security,all,genai,48,2077,2.3,36
2026-08-01,security,all,ml,26,2077,1.3,21
2026-08-01,security,entry,any_ai,0,109,0.0,0
2026-08-01,security,entry,genai,0,109,0.0,0
2026-08-01,security,entry,ml,0,109,0.0,0
2026-08-01,security,mid,any_ai,25,1206,2.1,18
2026-08-01,security,mid,genai,18,1206,1.5,13
2026-08-01,security,mid,ml,8,1206,0.7,5
2026-08-01,security,senior,any_ai,41,762,5.4,33
2026-08-01,security,senior,genai,30,762,3.9,23
2026-08-01,security,senior,ml,18,762,2.4,16
2026-08-02,ai,all,any_ai,1617,3670,44.1,1611
2026-08-02,ai,all,genai,720,3670,19.6,709
2026-08-02,ai,all,ml,1279,3670,34.9,1272
2026-08-02,ai,entry,any_ai,51,147,34.7,51
2026-08-02,ai,entry,genai,7,147,4.8,7
2026-08-02,ai,entry,ml,47,147,32.0,47
2026-08-02,ai,mid,any_ai,739,1785,41.4,734
2026-08-02,ai,mid,genai,383,1785,21.5,376
2026-08-02,ai,mid,ml,534,1785,29.9,531
2026-08-02,ai,senior,any_ai,827,1738,47.6,826
2026-08-02,ai,senior,genai,330,1738,19.0,326
2026-08-02,ai,senior,ml,698,1738,40.2,694
2026-08-02,data,all,any_ai,718,8220,8.7,702
2026-08-02,data,all,genai,215,8220,2.6,209
2026-08-02,data,all,ml,618,8220,7.5,607
2026-08-02,data,entry,any_ai,31,406,7.6,31
2026-08-02,data,entry,genai,2,406,0.5,2
2026-08-02,data,entry,ml,31,406,7.6,31
2026-08-02,data,mid,any_ai,339,4749,7.1,332
2026-08-02,data,mid,genai,102,4749,2.1,100
2026-08-02,data,mid,ml,292,4749,6.1,287
2026-08-02,data,senior,any_ai,348,3065,11.4,339
2026-08-02,data,senior,genai,111,3065,3.6,107
2026-08-02,data,senior,ml,295,3065,9.6,289
2026-08-02,devops,all,any_ai,168,4605,3.6,158
2026-08-02,devops,all,genai,74,4605,1.6,65
2026-08-02,devops,all,ml,106,4605,2.3,104
2026-08-02,devops,entry,any_ai,0,73,0.0,0
2026-08-02,devops,entry,genai,0,73,0.0,0
2026-08-02,devops,entry,ml,0,73,0.0,0
2026-08-02,devops,mid,any_ai,85,2635,3.2,76
2026-08-02,devops,mid,genai,44,2635,1.7,36
2026-08-02,devops,mid,ml,48,2635,1.8,46
2026-08-02,devops,senior,any_ai,83,1897,4.4,82
2026-08-02,devops,senior,genai,30,1897,1.6,29
2026-08-02,devops,senior,ml,58,1897,3.1,58
2026-08-02,engineering,all,any_ai,1151,12516,9.2,1103
2026-08-02,engineering,all,genai,787,12516,6.3,745
2026-08-02,engineering,all,ml,514,12516,4.1,490
2026-08-02,engineering,entry,any_ai,8,257,3.1,7
2026-08-02,engineering,entry,genai,5,257,1.9,4
2026-08-02,engineering,entry,ml,3,257,1.2,3
2026-08-02,engineering,mid,any_ai,361,5039,7.2,349
2026-08-02,engineering,mid,genai,220,5039,4.4,213
2026-08-02,engineering,mid,ml,187,5039,3.7,177
2026-08-02,engineering,senior,any_ai,782,7220,10.8,747
2026-08-02,engineering,senior,genai,562,7220,7.8,528
2026-08-02,engineering,senior,ml,324,7220,4.5,310
2026-08-02,product,all,any_ai,229,2284,10.0,209
2026-08-02,product,all,genai,179,2284,7.8,158
2026-08-02,product,all,ml,82,2284,3.6,79
2026-08-02,product,entry,any_ai,1,38,2.6,1
2026-08-02,product,entry,genai,0,38,0.0,0
2026-08-02,product,entry,ml,1,38,2.6,1
2026-08-02,product,mid,any_ai,73,1037,7.0,66
2026-08-02,product,mid,genai,60,1037,5.8,54
2026-08-02,product,mid,ml,19,1037,1.8,18
2026-08-02,product,senior,any_ai,155,1209,12.8,142
2026-08-02,product,senior,genai,119,1209,9.8,104
2026-08-02,product,senior,ml,62,1209,5.1,60
2026-08-02,security,all,any_ai,71,2177,3.3,56
2026-08-02,security,all,genai,52,2177,2.4,40
2026-08-02,security,all,ml,27,2177,1.2,22
2026-08-02,security,entry,any_ai,0,110,0.0,0
2026-08-02,security,entry,genai,0,110,0.0,0
2026-08-02,security,entry,ml,0,110,0.0,0
2026-08-02,security,mid,any_ai,29,1272,2.3,22
2026-08-02,security,mid,genai,21,1272,1.7,16
2026-08-02,security,mid,ml,9,1272,0.7,6
2026-08-02,security,senior,any_ai,42,795,5.3,34
2026-08-02,security,senior,genai,31,795,3.9,24
2026-08-02,security,senior,ml,18,795,2.3,16
2026-08-03,ai,all,any_ai,1681,3751,44.8,1675
2026-08-03,ai,all,genai,738,3751,19.7,727
2026-08-03,ai,all,ml,1339,3751,35.7,1332
2026-08-03,ai,entry,any_ai,51,148,34.5,51
2026-08-03,ai,entry,genai,7,148,4.7,7
2026-08-03,ai,entry,ml,47,148,31.8,47
2026-08-03,ai,mid,any_ai,757,1813,41.8,752
2026-08-03,ai,mid,genai,396,1813,21.8,389
2026-08-03,ai,mid,ml,549,1813,30.3,546
2026-08-03,ai,senior,any_ai,873,1790,48.8,872
2026-08-03,ai,senior,genai,335,1790,18.7,331
2026-08-03,ai,senior,ml,743,1790,41.5,739
2026-08-03,data,all,any_ai,736,8476,8.7,718
2026-08-03,data,all,genai,221,8476,2.6,213
2026-08-03,data,all,ml,633,8476,7.5,622
2026-08-03,data,entry,any_ai,31,411,7.5,31
2026-08-03,data,entry,genai,2,411,0.5,2
2026-08-03,data,entry,ml,31,411,7.5,31
2026-08-03,data,mid,any_ai,342,4920,7.0,334
2026-08-03,data,mid,genai,103,4920,2.1,100
2026-08-03,data,mid,ml,294,4920,6.0,289
2026-08-03,data,senior,any_ai,363,3145,11.5,353
2026-08-03,data,senior,genai,116,3145,3.7,111
2026-08-03,data,senior,ml,308,3145,9.8,302
2026-08-03,devops,all,any_ai,177,4804,3.7,167
2026-08-03,devops,all,genai,77,4804,1.6,68
2026-08-03,devops,all,ml,113,4804,2.4,111
2026-08-03,devops,entry,any_ai,0,78,0.0,0
2026-08-03,devops,entry,genai,0,78,0.0,0
2026-08-03,devops,entry,ml,0,78,0.0,0
2026-08-03,devops,mid,any_ai,89,2742,3.2,80
2026-08-03,devops,mid,genai,46,2742,1.7,38
2026-08-03,devops,mid,ml,50,2742,1.8,48
2026-08-03,devops,senior,any_ai,88,1984,4.4,87
2026-08-03,devops,senior,genai,31,1984,1.6,30
2026-08-03,devops,senior,ml,63,1984,3.2,63
2026-08-03,engineering,all,any_ai,1201,12952,9.3,1153
2026-08-03,engineering,all,genai,814,12952,6.3,772
2026-08-03,engineering,all,ml,548,12952,4.2,524
2026-08-03,engineering,entry,any_ai,8,260,3.1,7
2026-08-03,engineering,entry,genai,5,260,1.9,4
2026-08-03,engineering,entry,ml,3,260,1.2,3
2026-08-03,engineering,mid,any_ai,388,5234,7.4,376
2026-08-03,engineering,mid,genai,232,5234,4.4,225
2026-08-03,engineering,mid,ml,208,5234,4.0,198
2026-08-03,engineering,senior,any_ai,805,7458,10.8,770
2026-08-03,engineering,senior,genai,577,7458,7.7,543
2026-08-03,engineering,senior,ml,337,7458,4.5,323
2026-08-03,product,all,any_ai,238,2393,9.9,217
2026-08-03,product,all,genai,187,2393,7.8,165
2026-08-03,product,all,ml,84,2393,3.5,80
2026-08-03,product,entry,any_ai,1,39,2.6,1
2026-08-03,product,entry,genai,0,39,0.0,0
2026-08-03,product,entry,ml,1,39,2.6,1
2026-08-03,product,mid,any_ai,78,1087,7.2,70
2026-08-03,product,mid,genai,64,1087,5.9,58
2026-08-03,product,mid,ml,20,1087,1.8,18
2026-08-03,product,senior,any_ai,159,1267,12.5,146
2026-08-03,product,senior,genai,123,1267,9.7,107
2026-08-03,product,senior,ml,63,1267,5.0,61
2026-08-03,security,all,any_ai,73,2206,3.3,58
2026-08-03,security,all,genai,54,2206,2.4,42
2026-08-03,security,all,ml,27,2206,1.2,22
2026-08-03,security,entry,any_ai,0,112,0.0,0
2026-08-03,security,entry,genai,0,112,0.0,0
2026-08-03,security,entry,ml,0,112,0.0,0
2026-08-03,security,mid,any_ai,29,1288,2.3,22
2026-08-03,security,mid,genai,21,1288,1.6,16
2026-08-03,security,mid,ml,9,1288,0.7,6
2026-08-03,security,senior,any_ai,44,806,5.5,36
2026-08-03,security,senior,genai,33,806,4.1,26
2026-08-03,security,senior,ml,18,806,2.2,16
2026-08-04,ai,all,any_ai,1744,3853,45.3,1738
2026-08-04,ai,all,genai,768,3853,19.9,757
2026-08-04,ai,all,ml,1385,3853,35.9,1378
2026-08-04,ai,entry,any_ai,52,152,34.2,52
2026-08-04,ai,entry,genai,7,152,4.6,7
2026-08-04,ai,entry,ml,48,152,31.6,48
2026-08-04,ai,mid,any_ai,791,1870,42.3,786
2026-08-04,ai,mid,genai,416,1870,22.2,409
2026-08-04,ai,mid,ml,572,1870,30.6,569
2026-08-04,ai,senior,any_ai,901,1831,49.2,900
2026-08-04,ai,senior,genai,345,1831,18.8,341
2026-08-04,ai,senior,ml,765,1831,41.8,761
2026-08-04,data,all,any_ai,757,8719,8.7,739
2026-08-04,data,all,genai,229,8719,2.6,221
2026-08-04,data,all,ml,650,8719,7.5,639
2026-08-04,data,entry,any_ai,31,415,7.5,31
2026-08-04,data,entry,genai,2,415,0.5,2
2026-08-04,data,entry,ml,31,415,7.5,31
2026-08-04,data,mid,any_ai,350,5086,6.9,342
2026-08-04,data,mid,genai,103,5086,2.0,100
2026-08-04,data,mid,ml,302,5086,5.9,297
2026-08-04,data,senior,any_ai,376,3218,11.7,366
2026-08-04,data,senior,genai,124,3218,3.9,119
2026-08-04,data,senior,ml,317,3218,9.9,311
2026-08-04,devops,all,any_ai,182,4966,3.7,171
2026-08-04,devops,all,genai,79,4966,1.6,69
2026-08-04,devops,all,ml,116,4966,2.3,114
2026-08-04,devops,entry,any_ai,0,81,0.0,0
2026-08-04,devops,entry,genai,0,81,0.0,0
2026-08-04,devops,entry,ml,0,81,0.0,0
2026-08-04,devops,mid,any_ai,89,2795,3.2,80
2026-08-04,devops,mid,genai,46,2795,1.6,38
2026-08-04,devops,mid,ml,50,2795,1.8,48
2026-08-04,devops,senior,any_ai,93,2090,4.4,91
2026-08-04,devops,senior,genai,33,2090,1.6,31
2026-08-04,devops,senior,ml,66,2090,3.2,66
2026-08-04,engineering,all,any_ai,1235,13311,9.3,1183
2026-08-04,engineering,all,genai,845,13311,6.3,799
2026-08-04,engineering,all,ml,554,13311,4.2,530
2026-08-04,engineering,entry,any_ai,8,272,2.9,7
2026-08-04,engineering,entry,genai,5,272,1.8,4
2026-08-04,engineering,entry,ml,3,272,1.1,3
2026-08-04,engineering,mid,any_ai,405,5441,7.4,393
2026-08-04,engineering,mid,genai,247,5441,4.5,240
2026-08-04,engineering,mid,ml,212,5441,3.9,202
2026-08-04,engineering,senior,any_ai,822,7598,10.8,783
2026-08-04,engineering,senior,genai,593,7598,7.8,555
2026-08-04,engineering,senior,ml,339,7598,4.5,325
2026-08-04,product,all,any_ai,245,2489,9.8,224
2026-08-04,product,all,genai,193,2489,7.8,171
2026-08-04,product,all,ml,87,2489,3.5,83
2026-08-04,product,entry,any_ai,2,43,4.7,2
2026-08-04,product,entry,genai,0,43,0.0,0
2026-08-04,product,entry,ml,2,43,4.7,2
2026-08-04,product,mid,any_ai,79,1140,6.9,71
2026-08-04,product,mid,genai,65,1140,5.7,59
2026-08-04,product,mid,ml,20,1140,1.8,18
2026-08-04,product,senior,any_ai,164,1306,12.6,151
2026-08-04,product,senior,genai,128,1306,9.8,112
2026-08-04,product,senior,ml,65,1306,5.0,63
2026-08-04,security,all,any_ai,76,2284,3.3,60
2026-08-04,security,all,genai,56,2284,2.5,44
2026-08-04,security,all,ml,28,2284,1.2,22
2026-08-04,security,entry,any_ai,0,119,0.0,0
2026-08-04,security,entry,genai,0,119,0.0,0
2026-08-04,security,entry,ml,0,119,0.0,0
2026-08-04,security,mid,any_ai,32,1341,2.4,24
2026-08-04,security,mid,genai,23,1341,1.7,18
2026-08-04,security,mid,ml,10,1341,0.7,6
2026-08-04,security,senior,any_ai,44,824,5.3,36
2026-08-04,security,senior,genai,33,824,4.0,26
2026-08-04,security,senior,ml,18,824,2.2,16
2026-08-05,ai,all,any_ai,1785,3945,45.2,1779
2026-08-05,ai,all,genai,790,3945,20.0,778
2026-08-05,ai,all,ml,1409,3945,35.7,1401
2026-08-05,ai,entry,any_ai,55,172,32.0,55
2026-08-05,ai,entry,genai,7,172,4.1,7
2026-08-05,ai,entry,ml,51,172,29.7,51
2026-08-05,ai,mid,any_ai,825,1922,42.9,820
2026-08-05,ai,mid,genai,435,1922,22.6,428
2026-08-05,ai,mid,ml,592,1922,30.8,589
2026-08-05,ai,senior,any_ai,905,1851,48.9,904
2026-08-05,ai,senior,genai,348,1851,18.8,343
2026-08-05,ai,senior,ml,766,1851,41.4,761
2026-08-05,data,all,any_ai,779,9040,8.6,760
2026-08-05,data,all,genai,237,9040,2.6,228
2026-08-05,data,all,ml,669,9040,7.4,658
2026-08-05,data,entry,any_ai,35,474,7.4,35
2026-08-05,data,entry,genai,2,474,0.4,2
2026-08-05,data,entry,ml,35,474,7.4,35
2026-08-05,data,mid,any_ai,363,5272,6.9,354
2026-08-05,data,mid,genai,105,5272,2.0,101
2026-08-05,data,mid,ml,315,5272,6.0,310
2026-08-05,data,senior,any_ai,381,3294,11.6,371
2026-08-05,data,senior,genai,130,3294,3.9,125
2026-08-05,data,senior,ml,319,3294,9.7,313
2026-08-05,devops,all,any_ai,184,5130,3.6,173
2026-08-05,devops,all,genai,81,5130,1.6,71
2026-08-05,devops,all,ml,116,5130,2.3,114
2026-08-05,devops,entry,any_ai,0,90,0.0,0
2026-08-05,devops,entry,genai,0,90,0.0,0
2026-08-05,devops,entry,ml,0,90,0.0,0
2026-08-05,devops,mid,any_ai,91,2895,3.1,82
2026-08-05,devops,mid,genai,47,2895,1.6,39
2026-08-05,devops,mid,ml,51,2895,1.8,49
2026-08-05,devops,senior,any_ai,93,2145,4.3,91
2026-08-05,devops,senior,genai,34,2145,1.6,32
2026-08-05,devops,senior,ml,65,2145,3.0,65
2026-08-05,engineering,all,any_ai,1208,13684,8.8,1149
2026-08-05,engineering,all,genai,867,13684,6.3,817
2026-08-05,engineering,all,ml,488,13684,3.6,462
2026-08-05,engineering,entry,any_ai,10,303,3.3,9
2026-08-05,engineering,entry,genai,5,303,1.7,4
2026-08-05,engineering,entry,ml,5,303,1.7,5
2026-08-05,engineering,mid,any_ai,418,5602,7.5,404
2026-08-05,engineering,mid,genai,256,5602,4.6,247
2026-08-05,engineering,mid,ml,213,5602,3.8,203
2026-08-05,engineering,senior,any_ai,780,7779,10.0,736
2026-08-05,engineering,senior,genai,606,7779,7.8,566
2026-08-05,engineering,senior,ml,270,7779,3.5,254
2026-08-05,product,all,any_ai,236,2568,9.2,215
2026-08-05,product,all,genai,197,2568,7.7,175
2026-08-05,product,all,ml,70,2568,2.7,65
2026-08-05,product,entry,any_ai,2,43,4.7,2
2026-08-05,product,entry,genai,0,43,0.0,0
2026-08-05,product,entry,ml,2,43,4.7,2
2026-08-05,product,mid,any_ai,80,1182,6.8,72
2026-08-05,product,mid,genai,66,1182,5.6,60
2026-08-05,product,mid,ml,20,1182,1.7,18
2026-08-05,product,senior,any_ai,154,1343,11.5,141
2026-08-05,product,senior,genai,131,1343,9.8,115
2026-08-05,product,senior,ml,48,1343,3.6,45
2026-08-05,security,all,any_ai,78,2350,3.3,62
2026-08-05,security,all,genai,58,2350,2.5,46
2026-08-05,security,all,ml,27,2350,1.1,21
2026-08-05,security,entry,any_ai,0,123,0.0,0
2026-08-05,security,entry,genai,0,123,0.0,0
2026-08-05,security,entry,ml,0,123,0.0,0
2026-08-05,security,mid,any_ai,34,1385,2.5,26
2026-08-05,security,mid,genai,24,1385,1.7,19
2026-08-05,security,mid,ml,11,1385,0.8,7
2026-08-05,security,senior,any_ai,44,842,5.2,36
2026-08-05,security,senior,genai,34,842,4.0,27
2026-08-05,security,senior,ml,16,842,1.9,14
2026-08-17,ai,all,any_ai,686,1125,61.0,683
2026-08-17,ai,all,genai,382,1125,34.0,369
2026-08-17,ai,all,ml,543,1125,48.3,538
2026-08-17,ai,entry,any_ai,7,38,18.4,7
2026-08-17,ai,entry,genai,2,38,5.3,2
2026-08-17,ai,entry,ml,6,38,15.8,6
2026-08-17,ai,mid,any_ai,322,523,61.6,319
2026-08-17,ai,mid,genai,196,523,37.5,188
2026-08-17,ai,mid,ml,241,523,46.1,240
2026-08-17,ai,senior,any_ai,357,564,63.3,357
2026-08-17,ai,senior,genai,184,564,32.6,179
2026-08-17,ai,senior,ml,296,564,52.5,292
2026-08-17,data,all,any_ai,304,2589,11.7,289
2026-08-17,data,all,genai,122,2589,4.7,114
2026-08-17,data,all,ml,242,2589,9.3,232
2026-08-17,data,entry,any_ai,12,125,9.6,11
2026-08-17,data,entry,genai,5,125,4.0,5
2026-08-17,data,entry,ml,9,125,7.2,8
2026-08-17,data,mid,any_ai,114,1492,7.6,107
2026-08-17,data,mid,genai,38,1492,2.5,35
2026-08-17,data,mid,ml,97,1492,6.5,93
2026-08-17,data,senior,any_ai,178,972,18.3,171
2026-08-17,data,senior,genai,79,972,8.1,74
2026-08-17,data,senior,ml,136,972,14.0,131
2026-08-17,devops,all,any_ai,85,1485,5.7,73
2026-08-17,devops,all,genai,51,1485,3.4,39
2026-08-17,devops,all,ml,40,1485,2.7,39
2026-08-17,devops,entry,any_ai,0,27,0.0,0
2026-08-17,devops,entry,genai,0,27,0.0,0
2026-08-17,devops,entry,ml,0,27,0.0,0
2026-08-17,devops,mid,any_ai,34,742,4.6,27
2026-08-17,devops,mid,genai,26,742,3.5,18
2026-08-17,devops,mid,ml,11,742,1.5,11
2026-08-17,devops,senior,any_ai,51,716,7.1,46
2026-08-17,devops,senior,genai,25,716,3.5,21
2026-08-17,devops,senior,ml,29,716,4.1,28
2026-08-17,engineering,all,any_ai,581,4597,12.6,532
2026-08-17,engineering,all,genai,437,4597,9.5,395
2026-08-17,engineering,all,ml,235,4597,5.1,210
2026-08-17,engineering,entry,any_ai,7,106,6.6,7
2026-08-17,engineering,entry,genai,4,106,3.8,4
2026-08-17,engineering,entry,ml,5,106,4.7,5
2026-08-17,engineering,mid,any_ai,194,1795,10.8,183
2026-08-17,engineering,mid,genai,143,1795,8.0,135
2026-08-17,engineering,mid,ml,84,1795,4.7,76
2026-08-17,engineering,senior,any_ai,380,2696,14.1,342
2026-08-17,engineering,senior,genai,290,2696,10.8,256
2026-08-17,engineering,senior,ml,146,2696,5.4,129
2026-08-17,product,all,any_ai,176,1112,15.8,162
2026-08-17,product,all,genai,149,1112,13.4,132
2026-08-17,product,all,ml,46,1112,4.1,43
2026-08-17,product,entry,any_ai,2,12,16.7,2
2026-08-17,product,entry,genai,0,12,0.0,0
2026-08-17,product,entry,ml,2,12,16.7,2
2026-08-17,product,mid,any_ai,67,449,14.9,59
2026-08-17,product,mid,genai,56,449,12.5,50
2026-08-17,product,mid,ml,15,449,3.3,13
2026-08-17,product,senior,any_ai,107,651,16.4,101
2026-08-17,product,senior,genai,93,651,14.3,82
2026-08-17,product,senior,ml,29,651,4.5,28
2026-08-17,security,all,any_ai,51,624,8.2,42
2026-08-17,security,all,genai,44,624,7.1,38
2026-08-17,security,all,ml,10,624,1.6,5
2026-08-17,security,entry,any_ai,0,25,0.0,0
2026-08-17,security,entry,genai,0,25,0.0,0
2026-08-17,security,entry,ml,0,25,0.0,0
2026-08-17,security,mid,any_ai,28,365,7.7,23
2026-08-17,security,mid,genai,22,365,6.0,20
2026-08-17,security,mid,ml,7,365,1.9,3
2026-08-17,security,senior,any_ai,23,234,9.8,19
2026-08-17,security,senior,genai,22,234,9.4,18
2026-08-17,security,senior,ml,3,234,1.3,2
2026-08-21,ai,all,any_ai,792,1353,58.5,789
2026-08-21,ai,all,genai,438,1353,32.4,425
2026-08-21,ai,all,ml,614,1353,45.4,610
2026-08-21,ai,entry,any_ai,12,46,26.1,12
2026-08-21,ai,entry,genai,6,46,13.0,6
2026-08-21,ai,entry,ml,7,46,15.2,7
2026-08-21,ai,mid,any_ai,374,654,57.2,371
2026-08-21,ai,mid,genai,219,654,33.5,211
2026-08-21,ai,mid,ml,275,654,42.0,274
2026-08-21,ai,senior,any_ai,406,653,62.2,406
2026-08-21,ai,senior,genai,213,653,32.6,208
2026-08-21,ai,senior,ml,332,653,50.8,329
2026-08-21,data,all,any_ai,366,3096,11.8,348
2026-08-21,data,all,genai,151,3096,4.9,141
2026-08-21,data,all,ml,287,3096,9.3,276
2026-08-21,data,entry,any_ai,15,140,10.7,14
2026-08-21,data,entry,genai,5,140,3.6,5
2026-08-21,data,entry,ml,12,140,8.6,11
2026-08-21,data,mid,any_ai,145,1800,8.1,136
2026-08-21,data,mid,genai,49,1800,2.7,45
2026-08-21,data,mid,ml,122,1800,6.8,117
2026-08-21,data,senior,any_ai,206,1156,17.8,198
2026-08-21,data,senior,genai,97,1156,8.4,91
2026-08-21,data,senior,ml,153,1156,13.2,148
2026-08-21,devops,all,any_ai,89,1739,5.1,77
2026-08-21,devops,all,genai,54,1739,3.1,42
2026-08-21,devops,all,ml,41,1739,2.4,40
2026-08-21,devops,entry,any_ai,0,34,0.0,0
2026-08-21,devops,entry,genai,0,34,0.0,0
2026-08-21,devops,entry,ml,0,34,0.0,0
2026-08-21,devops,mid,any_ai,36,883,4.1,29
2026-08-21,devops,mid,genai,27,883,3.1,19
2026-08-21,devops,mid,ml,12,883,1.4,12
2026-08-21,devops,senior,any_ai,53,822,6.4,48
2026-08-21,devops,senior,genai,27,822,3.3,23
2026-08-21,devops,senior,ml,29,822,3.5,28
2026-08-21,engineering,all,any_ai,652,5424,12.0,599
2026-08-21,engineering,all,genai,490,5424,9.0,442
2026-08-21,engineering,all,ml,263,5424,4.8,238
2026-08-21,engineering,entry,any_ai,7,111,6.3,7
2026-08-21,engineering,entry,genai,4,111,3.6,4
2026-08-21,engineering,entry,ml,5,111,4.5,5
2026-08-21,engineering,mid,any_ai,225,2211,10.2,212
2026-08-21,engineering,mid,genai,166,2211,7.5,156
2026-08-21,engineering,mid,ml,97,2211,4.4,89
2026-08-21,engineering,senior,any_ai,420,3102,13.5,380
2026-08-21,engineering,senior,genai,320,3102,10.3,282
2026-08-21,engineering,senior,ml,161,3102,5.2,144
2026-08-21,product,all,any_ai,190,1277,14.9,175
2026-08-21,product,all,genai,158,1277,12.4,140
2026-08-21,product,all,ml,51,1277,4.0,48
2026-08-21,product,entry,any_ai,2,13,15.4,2
2026-08-21,product,entry,genai,0,13,0.0,0
2026-08-21,product,entry,ml,2,13,15.4,2
2026-08-21,product,mid,any_ai,70,522,13.4,62
2026-08-21,product,mid,genai,58,522,11.1,52
2026-08-21,product,mid,ml,16,522,3.1,14
2026-08-21,product,senior,any_ai,118,742,15.9,111
2026-08-21,product,senior,genai,100,742,13.5,88
2026-08-21,product,senior,ml,33,742,4.4,32
2026-08-21,security,all,any_ai,55,734,7.5,45
2026-08-21,security,all,genai,48,734,6.5,41
2026-08-21,security,all,ml,11,734,1.5,6
2026-08-21,security,entry,any_ai,0,30,0.0,0
2026-08-21,security,entry,genai,0,30,0.0,0
2026-08-21,security,entry,ml,0,30,0.0,0
2026-08-21,security,mid,any_ai,32,429,7.5,26
2026-08-21,security,mid,genai,26,429,6.1,23
2026-08-21,security,mid,ml,8,429,1.9,4
2026-08-21,security,senior,any_ai,23,275,8.4,19
2026-08-21,security,senior,genai,22,275,8.0,18
2026-08-21,security,senior,ml,3,275,1.1,2
2026-08-25,ai,all,any_ai,717,1242,57.7,713
2026-08-25,ai,all,genai,438,1242,35.3,423
2026-08-25,ai,all,ml,548,1242,44.1,543
2026-08-25,ai,entry,any_ai,11,48,22.9,11
2026-08-25,ai,entry,genai,5,48,10.4,5
2026-08-25,ai,entry,ml,7,48,14.6,7
2026-08-25,ai,mid,any_ai,369,632,58.4,365
2026-08-25,ai,mid,genai,225,632,35.6,216
2026-08-25,ai,mid,ml,275,632,43.5,273
2026-08-25,ai,senior,any_ai,337,562,60.0,337
2026-08-25,ai,senior,genai,208,562,37.0,202
2026-08-25,ai,senior,ml,266,562,47.3,263
2026-08-25,data,all,any_ai,352,2828,12.4,334
2026-08-25,data,all,genai,147,2828,5.2,137
2026-08-25,data,all,ml,271,2828,9.6,259
2026-08-25,data,entry,any_ai,14,151,9.3,13
2026-08-25,data,entry,genai,4,151,2.6,4
2026-08-25,data,entry,ml,10,151,6.6,9
2026-08-25,data,mid,any_ai,147,1587,9.3,136
2026-08-25,data,mid,genai,49,1587,3.1,44
2026-08-25,data,mid,ml,125,1587,7.9,118
2026-08-25,data,senior,any_ai,191,1090,17.5,185
2026-08-25,data,senior,genai,94,1090,8.6,89
2026-08-25,data,senior,ml,136,1090,12.5,132
2026-08-25,devops,all,any_ai,84,1475,5.7,70
2026-08-25,devops,all,genai,57,1475,3.9,43
2026-08-25,devops,all,ml,36,1475,2.4,34
2026-08-25,devops,entry,any_ai,1,30,3.3,1
2026-08-25,devops,entry,genai,0,30,0.0,0
2026-08-25,devops,entry,ml,1,30,3.3,1
2026-08-25,devops,mid,any_ai,38,760,5.0,29
2026-08-25,devops,mid,genai,31,760,4.1,21
2026-08-25,devops,mid,ml,12,760,1.6,11
2026-08-25,devops,senior,any_ai,45,685,6.6,40
2026-08-25,devops,senior,genai,26,685,3.8,22
2026-08-25,devops,senior,ml,23,685,3.4,22
2026-08-25,engineering,all,any_ai,639,4932,13.0,585
2026-08-25,engineering,all,genai,483,4932,9.8,435
2026-08-25,engineering,all,ml,258,4932,5.2,232
2026-08-25,engineering,entry,any_ai,7,107,6.5,7
2026-08-25,engineering,entry,genai,4,107,3.7,4
2026-08-25,engineering,entry,ml,5,107,4.7,5
2026-08-25,engineering,mid,any_ai,234,2033,11.5,219
2026-08-25,engineering,mid,genai,169,2033,8.3,158
2026-08-25,engineering,mid,ml,107,2033,5.3,98
2026-08-25,engineering,senior,any_ai,398,2792,14.3,359
2026-08-25,engineering,senior,genai,310,2792,11.1,273
2026-08-25,engineering,senior,ml,146,2792,5.2,129
2026-08-25,product,all,any_ai,206,1170,17.6,188
2026-08-25,product,all,genai,168,1170,14.4,146
2026-08-25,product,all,ml,59,1170,5.0,56
2026-08-25,product,entry,any_ai,2,10,20.0,2
2026-08-25,product,entry,genai,0,10,0.0,0
2026-08-25,product,entry,ml,2,10,20.0,2
2026-08-25,product,mid,any_ai,82,482,17.0,71
2026-08-25,product,mid,genai,65,482,13.5,55
2026-08-25,product,mid,ml,22,482,4.6,20
2026-08-25,product,senior,any_ai,122,678,18.0,115
2026-08-25,product,senior,genai,103,678,15.2,91
2026-08-25,product,senior,ml,35,678,5.2,34
2026-08-25,security,all,any_ai,57,637,8.9,46
2026-08-25,security,all,genai,46,637,7.2,40
2026-08-25,security,all,ml,16,637,2.5,9
2026-08-25,security,entry,any_ai,0,27,0.0,0
2026-08-25,security,entry,genai,0,27,0.0,0
2026-08-25,security,entry,ml,0,27,0.0,0
2026-08-25,security,mid,any_ai,31,369,8.4,25
2026-08-25,security,mid,genai,23,369,6.2,20
2026-08-25,security,mid,ml,10,369,2.7,6
2026-08-25,security,senior,any_ai,26,241,10.8,21
2026-08-25,security,senior,genai,23,241,9.5,20
2026-08-25,security,senior,ml,6,241,2.5,3
2026-09-02,ai,all,any_ai,735,1272,57.8,726
2026-09-02,ai,all,genai,451,1272,35.5,432
2026-09-02,ai,all,ml,569,1272,44.7,561
2026-09-02,ai,entry,any_ai,9,29,31.0,9
2026-09-02,ai,entry,genai,6,29,20.7,6
2026-09-02,ai,entry,ml,5,29,17.2,5
2026-09-02,ai,mid,any_ai,358,633,56.6,352
2026-09-02,ai,mid,genai,226,633,35.7,216
2026-09-02,ai,mid,ml,274,633,43.3,271
2026-09-02,ai,senior,any_ai,368,610,60.3,365
2026-09-02,ai,senior,genai,219,610,35.9,210
2026-09-02,ai,senior,ml,290,610,47.5,285
2026-09-02,data,all,any_ai,357,2762,12.9,335
2026-09-02,data,all,genai,153,2762,5.5,140
2026-09-02,data,all,ml,272,2762,9.8,256
2026-09-02,data,entry,any_ai,12,96,12.5,11
2026-09-02,data,entry,genai,5,96,5.2,5
2026-09-02,data,entry,ml,7,96,7.3,6
2026-09-02,data,mid,any_ai,150,1527,9.8,138
2026-09-02,data,mid,genai,51,1527,3.3,46
2026-09-02,data,mid,ml,127,1527,8.3,118
2026-09-02,data,senior,any_ai,195,1139,17.1,186
2026-09-02,data,senior,genai,97,1139,8.5,89
2026-09-02,data,senior,ml,138,1139,12.1,132
2026-09-02,devops,all,any_ai,94,1514,6.2,80
2026-09-02,devops,all,genai,60,1514,4.0,46
2026-09-02,devops,all,ml,44,1514,2.9,42
2026-09-02,devops,entry,any_ai,2,29,6.9,2
2026-09-02,devops,entry,genai,1,29,3.4,1
2026-09-02,devops,entry,ml,1,29,3.4,1
2026-09-02,devops,mid,any_ai,47,774,6.1,37
2026-09-02,devops,mid,genai,34,774,4.4,23
2026-09-02,devops,mid,ml,18,774,2.3,17
2026-09-02,devops,senior,any_ai,45,711,6.3,41
2026-09-02,devops,senior,genai,25,711,3.5,22
2026-09-02,devops,senior,ml,25,711,3.5,24
2026-09-02,engineering,all,any_ai,660,5153,12.8,602
2026-09-02,engineering,all,genai,506,5153,9.8,455
2026-09-02,engineering,all,ml,261,5153,5.1,232
2026-09-02,engineering,entry,any_ai,5,87,5.7,5
2026-09-02,engineering,entry,genai,4,87,4.6,4
2026-09-02,engineering,entry,ml,3,87,3.4,3
2026-09-02,engineering,mid,any_ai,241,2106,11.4,224
2026-09-02,engineering,mid,genai,168,2106,8.0,157
2026-09-02,engineering,mid,ml,115,2106,5.5,104
2026-09-02,engineering,senior,any_ai,414,2960,14.0,373
2026-09-02,engineering,senior,genai,334,2960,11.3,294
2026-09-02,engineering,senior,ml,143,2960,4.8,125
2026-09-02,product,all,any_ai,232,1230,18.9,214
2026-09-02,product,all,genai,193,1230,15.7,171
2026-09-02,product,all,ml,62,1230,5.0,60
2026-09-02,product,entry,any_ai,1,13,7.7,1
2026-09-02,product,entry,genai,0,13,0.0,0
2026-09-02,product,entry,ml,1,13,7.7,1
2026-09-02,product,mid,any_ai,91,494,18.4,81
2026-09-02,product,mid,genai,73,494,14.8,63
2026-09-02,product,mid,ml,23,494,4.7,22
2026-09-02,product,senior,any_ai,140,723,19.4,132
2026-09-02,product,senior,genai,120,723,16.6,108
2026-09-02,product,senior,ml,38,723,5.3,37
2026-09-02,security,all,any_ai,63,713,8.8,54
2026-09-02,security,all,genai,53,713,7.4,48
2026-09-02,security,all,ml,15,713,2.1,9
2026-09-02,security,entry,any_ai,0,28,0.0,0
2026-09-02,security,entry,genai,0,28,0.0,0
2026-09-02,security,entry,ml,0,28,0.0,0
2026-09-02,security,mid,any_ai,33,405,8.1,29
2026-09-02,security,mid,genai,27,405,6.7,25
2026-09-02,security,mid,ml,8,405,2.0,5
2026-09-02,security,senior,any_ai,30,280,10.7,25
2026-09-02,security,senior,genai,26,280,9.3,23
2026-09-02,security,senior,ml,7,280,2.5,4
2026-09-03,ai,all,any_ai,723,1272,56.8,713
2026-09-03,ai,all,genai,447,1272,35.1,430
2026-09-03,ai,all,ml,551,1272,43.3,541
2026-09-03,ai,entry,any_ai,8,26,30.8,8
2026-09-03,ai,entry,genai,6,26,23.1,6
2026-09-03,ai,entry,ml,4,26,15.4,4
2026-09-03,ai,mid,any_ai,352,635,55.4,347
2026-09-03,ai,mid,genai,227,635,35.7,219
2026-09-03,ai,mid,ml,263,635,41.4,260
2026-09-03,ai,senior,any_ai,363,611,59.4,358
2026-09-03,ai,senior,genai,214,611,35.0,205
2026-09-03,ai,senior,ml,284,611,46.5,277
2026-09-03,data,all,any_ai,366,2918,12.5,343
2026-09-03,data,all,genai,152,2918,5.2,138
2026-09-03,data,all,ml,284,2918,9.7,267
2026-09-03,data,entry,any_ai,12,101,11.9,11
2026-09-03,data,entry,genai,5,101,5.0,5
2026-09-03,data,entry,ml,7,101,6.9,6
2026-09-03,data,mid,any_ai,158,1632,9.7,145
2026-09-03,data,mid,genai,54,1632,3.3,48
2026-09-03,data,mid,ml,134,1632,8.2,124
2026-09-03,data,senior,any_ai,196,1185,16.5,187
2026-09-03,data,senior,genai,93,1185,7.8,85
2026-09-03,data,senior,ml,143,1185,12.1,137
2026-09-03,devops,all,any_ai,96,1482,6.5,82
2026-09-03,devops,all,genai,59,1482,4.0,45
2026-09-03,devops,all,ml,47,1482,3.2,45
2026-09-03,devops,entry,any_ai,2,26,7.7,2
2026-09-03,devops,entry,genai,1,26,3.8,1
2026-09-03,devops,entry,ml,1,26,3.8,1
2026-09-03,devops,mid,any_ai,52,796,6.5,42
2026-09-03,devops,mid,genai,32,796,4.0,21
2026-09-03,devops,mid,ml,24,796,3.0,23
2026-09-03,devops,senior,any_ai,42,660,6.4,38
2026-09-03,devops,senior,genai,26,660,3.9,23
2026-09-03,devops,senior,ml,22,660,3.3,21
2026-09-03,engineering,all,any_ai,646,5147,12.6,593
2026-09-03,engineering,all,genai,481,5147,9.3,432
2026-09-03,engineering,all,ml,268,5147,5.2,244
2026-09-03,engineering,entry,any_ai,6,92,6.5,6
2026-09-03,engineering,entry,genai,4,92,4.3,4
2026-09-03,engineering,entry,ml,4,92,4.3,4
2026-09-03,engineering,mid,any_ai,234,2059,11.4,219
2026-09-03,engineering,mid,genai,159,2059,7.7,150
2026-09-03,engineering,mid,ml,117,2059,5.7,107
2026-09-03,engineering,senior,any_ai,406,2996,13.6,368
2026-09-03,engineering,senior,genai,318,2996,10.6,278
2026-09-03,engineering,senior,ml,147,2996,4.9,133
2026-09-03,product,all,any_ai,247,1273,19.4,230
2026-09-03,product,all,genai,208,1273,16.3,189
2026-09-03,product,all,ml,61,1273,4.8,58
2026-09-03,product,entry,any_ai,1,11,9.1,1
2026-09-03,product,entry,genai,0,11,0.0,0
2026-09-03,product,entry,ml,1,11,9.1,1
2026-09-03,product,mid,any_ai,95,488,19.5,86
2026-09-03,product,mid,genai,77,488,15.8,68
2026-09-03,product,mid,ml,23,488,4.7,22
2026-09-03,product,senior,any_ai,151,774,19.5,143
2026-09-03,product,senior,genai,131,774,16.9,121
2026-09-03,product,senior,ml,37,774,4.8,35
2026-09-03,security,all,any_ai,63,736,8.6,54
2026-09-03,security,all,genai,53,736,7.2,48
2026-09-03,security,all,ml,16,736,2.2,10
2026-09-03,security,entry,any_ai,0,27,0.0,0
2026-09-03,security,entry,genai,0,27,0.0,0
2026-09-03,security,entry,ml,0,27,0.0,0
2026-09-03,security,mid,any_ai,32,412,7.8,28
2026-09-03,security,mid,genai,26,412,6.3,24
2026-09-03,security,mid,ml,8,412,1.9,5
2026-09-03,security,senior,any_ai,31,297,10.4,26
2026-09-03,security,senior,genai,27,297,9.1,24
2026-09-03,security,senior,ml,8,297,2.7,5
2026-09-04,ai,all,any_ai,787,1411,55.8,777
2026-09-04,ai,all,genai,482,1411,34.2,465
2026-09-04,ai,all,ml,596,1411,42.2,586
2026-09-04,ai,entry,any_ai,17,39,43.6,17
2026-09-04,ai,entry,genai,6,39,15.4,6
2026-09-04,ai,entry,ml,13,39,33.3,13
2026-09-04,ai,mid,any_ai,380,696,54.6,376
2026-09-04,ai,mid,genai,247,696,35.5,239
2026-09-04,ai,mid,ml,281,696,40.4,279
2026-09-04,ai,senior,any_ai,390,676,57.7,384
2026-09-04,ai,senior,genai,229,676,33.9,220
2026-09-04,ai,senior,ml,302,676,44.7,294
2026-09-04,data,all,any_ai,384,3242,11.8,361
2026-09-04,data,all,genai,159,3242,4.9,145
2026-09-04,data,all,ml,298,3242,9.2,281
2026-09-04,data,entry,any_ai,12,108,11.1,11
2026-09-04,data,entry,genai,5,108,4.6,5
2026-09-04,data,entry,ml,7,108,6.5,6
2026-09-04,data,mid,any_ai,162,1835,8.8,149
2026-09-04,data,mid,genai,56,1835,3.1,50
2026-09-04,data,mid,ml,138,1835,7.5,128
2026-09-04,data,senior,any_ai,210,1299,16.2,201
2026-09-04,data,senior,genai,98,1299,7.5,90
2026-09-04,data,senior,ml,153,1299,11.8,147
2026-09-04,devops,all,any_ai,115,1671,6.9,101
2026-09-04,devops,all,genai,74,1671,4.4,60
2026-09-04,devops,all,ml,61,1671,3.7,59
2026-09-04,devops,entry,any_ai,2,32,6.3,2
2026-09-04,devops,entry,genai,1,32,3.1,1
2026-09-04,devops,entry,ml,1,32,3.1,1
2026-09-04,devops,mid,any_ai,58,911,6.4,48
2026-09-04,devops,mid,genai,35,911,3.8,24
2026-09-04,devops,mid,ml,28,911,3.1,27
2026-09-04,devops,senior,any_ai,55,728,7.6,51
2026-09-04,devops,senior,genai,38,728,5.2,35
2026-09-04,devops,senior,ml,32,728,4.4,31
2026-09-04,engineering,all,any_ai,686,5675,12.1,629
2026-09-04,engineering,all,genai,509,5675,9.0,458
2026-09-04,engineering,all,ml,284,5675,5.0,258
2026-09-04,engineering,entry,any_ai,7,99,7.1,7
2026-09-04,engineering,entry,genai,5,99,5.1,5
2026-09-04,engineering,entry,ml,5,99,5.1,5
2026-09-04,engineering,mid,any_ai,253,2286,11.1,237
2026-09-04,engineering,mid,genai,170,2286,7.4,160
2026-09-04,engineering,mid,ml,128,2286,5.6,118
2026-09-04,engineering,senior,any_ai,426,3290,12.9,385
2026-09-04,engineering,senior,genai,334,3290,10.2,293
2026-09-04,engineering,senior,ml,151,3290,4.6,135
2026-09-04,product,all,any_ai,253,1382,18.3,236
2026-09-04,product,all,genai,212,1382,15.3,193
2026-09-04,product,all,ml,63,1382,4.6,60
2026-09-04,product,entry,any_ai,1,14,7.1,1
2026-09-04,product,entry,genai,0,14,0.0,0
2026-09-04,product,entry,ml,1,14,7.1,1
2026-09-04,product,mid,any_ai,95,529,18.0,86
2026-09-04,product,mid,genai,77,529,14.6,68
2026-09-04,product,mid,ml,23,529,4.3,22
2026-09-04,product,senior,any_ai,157,839,18.7,149
2026-09-04,product,senior,genai,135,839,16.1,125
2026-09-04,product,senior,ml,39,839,4.6,37
2026-09-04,security,all,any_ai,66,831,7.9,57
2026-09-04,security,all,genai,56,831,6.7,51
2026-09-04,security,all,ml,17,831,2.0,11
2026-09-04,security,entry,any_ai,1,34,2.9,1
2026-09-04,security,entry,genai,1,34,2.9,1
2026-09-04,security,entry,ml,1,34,2.9,1
2026-09-04,security,mid,any_ai,32,471,6.8,28
2026-09-04,security,mid,genai,26,471,5.5,24
2026-09-04,security,mid,ml,8,471,1.7,5
2026-09-04,security,senior,any_ai,33,326,10.1,28
2026-09-04,security,senior,genai,29,326,8.9,26
2026-09-04,security,senior,ml,8,326,2.5,5
2026-09-05,ai,all,any_ai,887,1582,56.1,877
2026-09-05,ai,all,genai,542,1582,34.3,524
2026-09-05,ai,all,ml,653,1582,41.3,642
2026-09-05,ai,entry,any_ai,24,46,52.2,24
2026-09-05,ai,entry,genai,6,46,13.0,6
2026-09-05,ai,entry,ml,20,46,43.5,20
2026-09-05,ai,mid,any_ai,442,792,55.8,438
2026-09-05,ai,mid,genai,291,792,36.7,283
2026-09-05,ai,mid,ml,308,792,38.9,306
2026-09-05,ai,senior,any_ai,421,744,56.6,415
2026-09-05,ai,senior,genai,245,744,32.9,235
2026-09-05,ai,senior,ml,325,744,43.7,316
2026-09-05,data,all,any_ai,424,3574,11.9,400
2026-09-05,data,all,genai,177,3574,5.0,161
2026-09-05,data,all,ml,330,3574,9.2,312
2026-09-05,data,entry,any_ai,13,114,11.4,12
2026-09-05,data,entry,genai,5,114,4.4,5
2026-09-05,data,entry,ml,8,114,7.0,7
2026-09-05,data,mid,any_ai,178,2022,8.8,165
2026-09-05,data,mid,genai,61,2022,3.0,54
2026-09-05,data,mid,ml,152,2022,7.5,142
2026-09-05,data,senior,any_ai,233,1438,16.2,223
2026-09-05,data,senior,genai,111,1438,7.7,102
2026-09-05,data,senior,ml,170,1438,11.8,163
2026-09-05,devops,all,any_ai,120,1876,6.4,105
2026-09-05,devops,all,genai,77,1876,4.1,62
2026-09-05,devops,all,ml,63,1876,3.4,61
2026-09-05,devops,entry,any_ai,2,33,6.1,2
2026-09-05,devops,entry,genai,1,33,3.0,1
2026-09-05,devops,entry,ml,1,33,3.0,1
2026-09-05,devops,mid,any_ai,62,985,6.3,51
2026-09-05,devops,mid,genai,38,985,3.9,26
2026-09-05,devops,mid,ml,29,985,2.9,28
2026-09-05,devops,senior,any_ai,56,858,6.5,52
2026-09-05,devops,senior,genai,38,858,4.4,35
2026-09-05,devops,senior,ml,33,858,3.8,32
2026-09-05,engineering,all,any_ai,731,6135,11.9,671
2026-09-05,engineering,all,genai,543,6135,8.9,489
2026-09-05,engineering,all,ml,299,6135,4.9,273
2026-09-05,engineering,entry,any_ai,7,113,6.2,7
2026-09-05,engineering,entry,genai,5,113,4.4,5
2026-09-05,engineering,entry,ml,5,113,4.4,5
2026-09-05,engineering,mid,any_ai,275,2450,11.2,258
2026-09-05,engineering,mid,genai,184,2450,7.5,173
2026-09-05,engineering,mid,ml,136,2450,5.6,126
2026-09-05,engineering,senior,any_ai,449,3572,12.6,406
2026-09-05,engineering,senior,genai,354,3572,9.9,311
2026-09-05,engineering,senior,ml,158,3572,4.4,142
2026-09-05,product,all,any_ai,264,1482,17.8,247
2026-09-05,product,all,genai,221,1482,14.9,202
2026-09-05,product,all,ml,68,1482,4.6,65
2026-09-05,product,entry,any_ai,1,15,6.7,1
2026-09-05,product,entry,genai,0,15,0.0,0
2026-09-05,product,entry,ml,1,15,6.7,1
2026-09-05,product,mid,any_ai,101,573,17.6,92
2026-09-05,product,mid,genai,82,573,14.3,73
2026-09-05,product,mid,ml,25,573,4.4,24
2026-09-05,product,senior,any_ai,162,894,18.1,154
2026-09-05,product,senior,genai,139,894,15.5,129
2026-09-05,product,senior,ml,42,894,4.7,40
2026-09-05,security,all,any_ai,75,923,8.1,66
2026-09-05,security,all,genai,65,923,7.0,60
2026-09-05,security,all,ml,17,923,1.8,11
2026-09-05,security,entry,any_ai,1,35,2.9,1
2026-09-05,security,entry,genai,1,35,2.9,1
2026-09-05,security,entry,ml,1,35,2.9,1
2026-09-05,security,mid,any_ai,37,533,6.9,33
2026-09-05,security,mid,genai,31,533,5.8,29
2026-09-05,security,mid,ml,8,533,1.5,5
2026-09-05,security,senior,any_ai,37,355,10.4,32
2026-09-05,security,senior,genai,33,355,9.3,30
2026-09-05,security,senior,ml,8,355,2.3,5
2026-09-06,ai,all,any_ai,925,1661,55.7,915
2026-09-06,ai,all,genai,562,1661,33.8,544
2026-09-06,ai,all,ml,686,1661,41.3,675
2026-09-06,ai,entry,any_ai,26,48,54.2,26
2026-09-06,ai,entry,genai,6,48,12.5,6
2026-09-06,ai,entry,ml,22,48,45.8,22
2026-09-06,ai,mid,any_ai,463,832,55.6,459
2026-09-06,ai,mid,genai,302,832,36.3,294
2026-09-06,ai,mid,ml,327,832,39.3,325
2026-09-06,ai,senior,any_ai,436,781,55.8,430
2026-09-06,ai,senior,genai,254,781,32.5,244
2026-09-06,ai,senior,ml,337,781,43.1,328
2026-09-06,data,all,any_ai,449,3843,11.7,425
2026-09-06,data,all,genai,189,3843,4.9,173
2026-09-06,data,all,ml,350,3843,9.1,332
2026-09-06,data,entry,any_ai,13,116,11.2,12
2026-09-06,data,entry,genai,5,116,4.3,5
2026-09-06,data,entry,ml,8,116,6.9,7
2026-09-06,data,mid,any_ai,186,2145,8.7,173
2026-09-06,data,mid,genai,63,2145,2.9,56
2026-09-06,data,mid,ml,160,2145,7.5,150
2026-09-06,data,senior,any_ai,250,1582,15.8,240
2026-09-06,data,senior,genai,121,1582,7.6,112
2026-09-06,data,senior,ml,182,1582,11.5,175
2026-09-06,devops,all,any_ai,126,2011,6.3,111
2026-09-06,devops,all,genai,82,2011,4.1,67
2026-09-06,devops,all,ml,66,2011,3.3,64
2026-09-06,devops,entry,any_ai,2,34,5.9,2
2026-09-06,devops,entry,genai,1,34,2.9,1
2026-09-06,devops,entry,ml,1,34,2.9,1
2026-09-06,devops,mid,any_ai,67,1073,6.2,56
2026-09-06,devops,mid,genai,43,1073,4.0,31
2026-09-06,devops,mid,ml,31,1073,2.9,30
2026-09-06,devops,senior,any_ai,57,904,6.3,53
2026-09-06,devops,senior,genai,38,904,4.2,35
2026-09-06,devops,senior,ml,34,904,3.8,33
2026-09-06,engineering,all,any_ai,758,6524,11.6,697
2026-09-06,engineering,all,genai,562,6524,8.6,507
2026-09-06,engineering,all,ml,309,6524,4.7,282
2026-09-06,engineering,entry,any_ai,8,122,6.6,7
2026-09-06,engineering,entry,genai,6,122,4.9,5
2026-09-06,engineering,entry,ml,6,122,4.9,5
2026-09-06,engineering,mid,any_ai,285,2614,10.9,268
2026-09-06,engineering,mid,genai,190,2614,7.3,179
2026-09-06,engineering,mid,ml,140,2614,5.4,130
2026-09-06,engineering,senior,any_ai,465,3788,12.3,422
2026-09-06,engineering,senior,genai,366,3788,9.7,323
2026-09-06,engineering,senior,ml,163,3788,4.3,147
2026-09-06,product,all,any_ai,271,1572,17.2,254
2026-09-06,product,all,genai,227,1572,14.4,208
2026-09-06,product,all,ml,70,1572,4.5,67
2026-09-06,product,entry,any_ai,1,16,6.3,1
2026-09-06,product,entry,genai,0,16,0.0,0
2026-09-06,product,entry,ml,1,16,6.3,1
2026-09-06,product,mid,any_ai,104,600,17.3,95
2026-09-06,product,mid,genai,85,600,14.2,76
2026-09-06,product,mid,ml,26,600,4.3,25
2026-09-06,product,senior,any_ai,166,956,17.4,158
2026-09-06,product,senior,genai,142,956,14.9,132
2026-09-06,product,senior,ml,43,956,4.5,41
2026-09-06,security,all,any_ai,77,990,7.8,68
2026-09-06,security,all,genai,66,990,6.7,61
2026-09-06,security,all,ml,18,990,1.8,12
2026-09-06,security,entry,any_ai,1,37,2.7,1
2026-09-06,security,entry,genai,1,37,2.7,1
2026-09-06,security,entry,ml,1,37,2.7,1
2026-09-06,security,mid,any_ai,37,572,6.5,33
2026-09-06,security,mid,genai,31,572,5.4,29
2026-09-06,security,mid,ml,8,572,1.4,5
2026-09-06,security,senior,any_ai,39,381,10.2,34
2026-09-06,security,senior,genai,34,381,8.9,31
2026-09-06,security,senior,ml,9,381,2.4,6
2026-09-07,ai,all,any_ai,848,1492,56.8,838
2026-09-07,ai,all,genai,510,1492,34.2,492
2026-09-07,ai,all,ml,628,1492,42.1,618
2026-09-07,ai,entry,any_ai,27,45,60.0,27
2026-09-07,ai,entry,genai,6,45,13.3,6
2026-09-07,ai,entry,ml,23,45,51.1,23
2026-09-07,ai,mid,any_ai,433,762,56.8,429
2026-09-07,ai,mid,genai,286,762,37.5,278
2026-09-07,ai,mid,ml,304,762,39.9,302
2026-09-07,ai,senior,any_ai,388,685,56.6,382
2026-09-07,ai,senior,genai,218,685,31.8,208
2026-09-07,ai,senior,ml,301,685,43.9,293
2026-09-07,data,all,any_ai,403,3431,11.7,380
2026-09-07,data,all,genai,173,3431,5.0,158
2026-09-07,data,all,ml,308,3431,9.0,292
2026-09-07,data,entry,any_ai,10,102,9.8,9
2026-09-07,data,entry,genai,3,102,2.9,3
2026-09-07,data,entry,ml,7,102,6.9,6
2026-09-07,data,mid,any_ai,166,1898,8.7,153
2026-09-07,data,mid,genai,57,1898,3.0,50
2026-09-07,data,mid,ml,143,1898,7.5,133
2026-09-07,data,senior,any_ai,227,1431,15.9,218
2026-09-07,data,senior,genai,113,1431,7.9,105
2026-09-07,data,senior,ml,158,1431,11.0,153
2026-09-07,devops,all,any_ai,118,1776,6.6,106
2026-09-07,devops,all,genai,77,1776,4.3,64
2026-09-07,devops,all,ml,62,1776,3.5,61
2026-09-07,devops,entry,any_ai,2,31,6.5,2
2026-09-07,devops,entry,genai,1,31,3.2,1
2026-09-07,devops,entry,ml,1,31,3.2,1
2026-09-07,devops,mid,any_ai,65,968,6.7,55
2026-09-07,devops,mid,genai,41,968,4.2,30
2026-09-07,devops,mid,ml,30,968,3.1,29
2026-09-07,devops,senior,any_ai,51,777,6.6,49
2026-09-07,devops,senior,genai,35,777,4.5,33
2026-09-07,devops,senior,ml,31,777,4.0,31
2026-09-07,engineering,all,any_ai,714,5797,12.3,657
2026-09-07,engineering,all,genai,526,5797,9.1,474
2026-09-07,engineering,all,ml,293,5797,5.1,268
2026-09-07,engineering,entry,any_ai,4,101,4.0,3
2026-09-07,engineering,entry,genai,2,101,2.0,1
2026-09-07,engineering,entry,ml,4,101,4.0,3
2026-09-07,engineering,mid,any_ai,270,2335,11.6,255
2026-09-07,engineering,mid,genai,175,2335,7.5,166
2026-09-07,engineering,mid,ml,136,2335,5.8,127
2026-09-07,engineering,senior,any_ai,440,3361,13.1,399
2026-09-07,engineering,senior,genai,349,3361,10.4,307
2026-09-07,engineering,senior,ml,153,3361,4.6,138
2026-09-07,product,all,any_ai,252,1388,18.2,239
2026-09-07,product,all,genai,211,1388,15.2,195
2026-09-07,product,all,ml,65,1388,4.7,62
2026-09-07,product,entry,any_ai,1,14,7.1,1
2026-09-07,product,entry,genai,0,14,0.0,0
2026-09-07,product,entry,ml,1,14,7.1,1
2026-09-07,product,mid,any_ai,97,559,17.4,89
2026-09-07,product,mid,genai,80,559,14.3,71
2026-09-07,product,mid,ml,24,559,4.3,23
2026-09-07,product,senior,any_ai,154,815,18.9,149
2026-09-07,product,senior,genai,131,815,16.1,124
2026-09-07,product,senior,ml,40,815,4.9,38
2026-09-07,security,all,any_ai,71,918,7.7,64
2026-09-07,security,all,genai,63,918,6.9,58
2026-09-07,security,all,ml,15,918,1.6,11
2026-09-07,security,entry,any_ai,1,30,3.3,1
2026-09-07,security,entry,genai,1,30,3.3,1
2026-09-07,security,entry,ml,1,30,3.3,1
2026-09-07,security,mid,any_ai,33,539,6.1,31
2026-09-07,security,mid,genai,30,539,5.6,28
2026-09-07,security,mid,ml,5,539,0.9,4
2026-09-07,security,senior,any_ai,37,349,10.6,32
2026-09-07,security,senior,genai,32,349,9.2,29
2026-09-07,security,senior,ml,9,349,2.6,6
2026-09-08,ai,all,any_ai,903,1592,56.7,892
2026-09-08,ai,all,genai,538,1592,33.8,518
2026-09-08,ai,all,ml,673,1592,42.3,662
2026-09-08,ai,entry,any_ai,27,61,44.3,27
2026-09-08,ai,entry,genai,6,61,9.8,6
2026-09-08,ai,entry,ml,23,61,37.7,23
2026-09-08,ai,mid,any_ai,465,809,57.5,461
2026-09-08,ai,mid,genai,306,809,37.8,296
2026-09-08,ai,mid,ml,329,809,40.7,327
2026-09-08,ai,senior,any_ai,411,722,56.9,404
2026-09-08,ai,senior,genai,226,722,31.3,216
2026-09-08,ai,senior,ml,321,722,44.5,312
2026-09-08,data,all,any_ai,447,3708,12.1,422
2026-09-08,data,all,genai,197,3708,5.3,182
2026-09-08,data,all,ml,340,3708,9.2,322
2026-09-08,data,entry,any_ai,11,110,10.0,10
2026-09-08,data,entry,genai,4,110,3.6,4
2026-09-08,data,entry,ml,7,110,6.4,6
2026-09-08,data,mid,any_ai,184,2060,8.9,169
2026-09-08,data,mid,genai,65,2060,3.2,58
2026-09-08,data,mid,ml,159,2060,7.7,147
2026-09-08,data,senior,any_ai,252,1538,16.4,243
2026-09-08,data,senior,genai,128,1538,8.3,120
2026-09-08,data,senior,ml,174,1538,11.3,169
2026-09-08,devops,all,any_ai,119,1936,6.1,107
2026-09-08,devops,all,genai,78,1936,4.0,65
2026-09-08,devops,all,ml,62,1936,3.2,61
2026-09-08,devops,entry,any_ai,2,31,6.5,2
2026-09-08,devops,entry,genai,1,31,3.2,1
2026-09-08,devops,entry,ml,1,31,3.2,1
2026-09-08,devops,mid,any_ai,66,1072,6.2,56
2026-09-08,devops,mid,genai,42,1072,3.9,31
2026-09-08,devops,mid,ml,30,1072,2.8,29
2026-09-08,devops,senior,any_ai,51,833,6.1,49
2026-09-08,devops,senior,genai,35,833,4.2,33
2026-09-08,devops,senior,ml,31,833,3.7,31
2026-09-08,engineering,all,any_ai,745,6203,12.0,687
2026-09-08,engineering,all,genai,548,6203,8.8,495
2026-09-08,engineering,all,ml,303,6203,4.9,278
2026-09-08,engineering,entry,any_ai,4,109,3.7,3
2026-09-08,engineering,entry,genai,2,109,1.8,1
2026-09-08,engineering,entry,ml,4,109,3.7,3
2026-09-08,engineering,mid,any_ai,285,2518,11.3,269
2026-09-08,engineering,mid,genai,185,2518,7.3,175
2026-09-08,engineering,mid,ml,141,2518,5.6,132
2026-09-08,engineering,senior,any_ai,456,3576,12.8,415
2026-09-08,engineering,senior,genai,361,3576,10.1,319
2026-09-08,engineering,senior,ml,158,3576,4.4,143
2026-09-08,product,all,any_ai,255,1443,17.7,242
2026-09-08,product,all,genai,214,1443,14.8,198
2026-09-08,product,all,ml,65,1443,4.5,62
2026-09-08,product,entry,any_ai,1,17,5.9,1
2026-09-08,product,entry,genai,0,17,0.0,0
2026-09-08,product,entry,ml,1,17,5.9,1
2026-09-08,product,mid,any_ai,99,592,16.7,91
2026-09-08,product,mid,genai,82,592,13.9,73
2026-09-08,product,mid,ml,24,592,4.1,23
2026-09-08,product,senior,any_ai,155,834,18.6,150
2026-09-08,product,senior,genai,132,834,15.8,125
2026-09-08,product,senior,ml,40,834,4.8,38
2026-09-08,security,all,any_ai,76,987,7.7,69
2026-09-08,security,all,genai,67,987,6.8,62
2026-09-08,security,all,ml,16,987,1.6,12
2026-09-08,security,entry,any_ai,1,32,3.1,1
2026-09-08,security,entry,genai,1,32,3.1,1
2026-09-08,security,entry,ml,1,32,3.1,1
2026-09-08,security,mid,any_ai,35,583,6.0,33
2026-09-08,security,mid,genai,32,583,5.5,30
2026-09-08,security,mid,ml,5,583,0.9,4
2026-09-08,security,senior,any_ai,40,372,10.8,35
2026-09-08,security,senior,genai,34,372,9.1,31
2026-09-08,security,senior,ml,10,372,2.7,7
2026-09-09,ai,all,any_ai,1001,1745,57.4,987
2026-09-09,ai,all,genai,600,1745,34.4,577
2026-09-09,ai,all,ml,732,1745,41.9,718
2026-09-09,ai,entry,any_ai,28,65,43.1,28
2026-09-09,ai,entry,genai,6,65,9.2,6
2026-09-09,ai,entry,ml,24,65,36.9,24
2026-09-09,ai,mid,any_ai,514,883,58.2,509
2026-09-09,ai,mid,genai,342,883,38.7,331
2026-09-09,ai,mid,ml,351,883,39.8,348
2026-09-09,ai,senior,any_ai,459,797,57.6,450
2026-09-09,ai,senior,genai,252,797,31.6,240
2026-09-09,ai,senior,ml,357,797,44.8,346
2026-09-09,data,all,any_ai,493,4054,12.2,465
2026-09-09,data,all,genai,212,4054,5.2,195
2026-09-09,data,all,ml,378,4054,9.3,357
2026-09-09,data,entry,any_ai,13,125,10.4,12
2026-09-09,data,entry,genai,4,125,3.2,4
2026-09-09,data,entry,ml,9,125,7.2,8
2026-09-09,data,mid,any_ai,205,2252,9.1,189
2026-09-09,data,mid,genai,72,2252,3.2,65
2026-09-09,data,mid,ml,176,2252,7.8,163
2026-09-09,data,senior,any_ai,275,1677,16.4,264
2026-09-09,data,senior,genai,136,1677,8.1,126
2026-09-09,data,senior,ml,193,1677,11.5,186
2026-09-09,devops,all,any_ai,126,2144,5.9,114
2026-09-09,devops,all,genai,83,2144,3.9,70
2026-09-09,devops,all,ml,67,2144,3.1,66
2026-09-09,devops,entry,any_ai,2,35,5.7,2
2026-09-09,devops,entry,genai,1,35,2.9,1
2026-09-09,devops,entry,ml,1,35,2.9,1
2026-09-09,devops,mid,any_ai,71,1197,5.9,61
2026-09-09,devops,mid,genai,46,1197,3.8,35
2026-09-09,devops,mid,ml,33,1197,2.8,32
2026-09-09,devops,senior,any_ai,53,912,5.8,51
2026-09-09,devops,senior,genai,36,912,3.9,34
2026-09-09,devops,senior,ml,33,912,3.6,33
2026-09-09,engineering,all,any_ai,785,6658,11.8,724
2026-09-09,engineering,all,genai,577,6658,8.7,523
2026-09-09,engineering,all,ml,321,6658,4.8,293
2026-09-09,engineering,entry,any_ai,6,120,5.0,4
2026-09-09,engineering,entry,genai,2,120,1.7,1
2026-09-09,engineering,entry,ml,6,120,5.0,4
2026-09-09,engineering,mid,any_ai,300,2708,11.1,284
2026-09-09,engineering,mid,genai,197,2708,7.3,187
2026-09-09,engineering,mid,ml,148,2708,5.5,139
2026-09-09,engineering,senior,any_ai,479,3830,12.5,436
2026-09-09,engineering,senior,genai,378,3830,9.9,335
2026-09-09,engineering,senior,ml,167,3830,4.4,150
2026-09-09,product,all,any_ai,264,1517,17.4,251
2026-09-09,product,all,genai,222,1517,14.6,206
2026-09-09,product,all,ml,68,1517,4.5,64
2026-09-09,product,entry,any_ai,2,19,10.5,2
2026-09-09,product,entry,genai,1,19,5.3,1
2026-09-09,product,entry,ml,2,19,10.5,2
2026-09-09,product,mid,any_ai,104,625,16.6,96
2026-09-09,product,mid,genai,86,625,13.8,77
2026-09-09,product,mid,ml,25,625,4.0,24
2026-09-09,product,senior,any_ai,158,873,18.1,153
2026-09-09,product,senior,genai,135,873,15.5,128
2026-09-09,product,senior,ml,41,873,4.7,38
2026-09-09,security,all,any_ai,79,1064,7.4,72
2026-09-09,security,all,genai,69,1064,6.5,64
2026-09-09,security,all,ml,17,1064,1.6,13
2026-09-09,security,entry,any_ai,1,37,2.7,1
2026-09-09,security,entry,genai,1,37,2.7,1
2026-09-09,security,entry,ml,1,37,2.7,1
2026-09-09,security,mid,any_ai,37,629,5.9,35
2026-09-09,security,mid,genai,34,629,5.4,32
2026-09-09,security,mid,ml,5,629,0.8,4
2026-09-09,security,senior,any_ai,41,398,10.3,36
2026-09-09,security,senior,genai,34,398,8.5,31
2026-09-09,security,senior,ml,11,398,2.8,8
2026-09-10,ai,all,any_ai,1080,1889,57.2,1065
2026-09-10,ai,all,genai,631,1889,33.4,608
2026-09-10,ai,all,ml,795,1889,42.1,780
2026-09-10,ai,entry,any_ai,34,72,47.2,34
2026-09-10,ai,entry,genai,6,72,8.3,6
2026-09-10,ai,entry,ml,30,72,41.7,30
2026-09-10,ai,mid,any_ai,548,948,57.8,543
2026-09-10,ai,mid,genai,359,948,37.9,348
2026-09-10,ai,mid,ml,376,948,39.7,373
2026-09-10,ai,senior,any_ai,498,869,57.3,488
2026-09-10,ai,senior,genai,266,869,30.6,254
2026-09-10,ai,senior,ml,389,869,44.8,377
2026-09-10,data,all,any_ai,530,4428,12.0,501
2026-09-10,data,all,genai,224,4428,5.1,206
2026-09-10,data,all,ml,408,4428,9.2,385
2026-09-10,data,entry,any_ai,13,135,9.6,12
2026-09-10,data,entry,genai,4,135,3.0,4
2026-09-10,data,entry,ml,9,135,6.7,8
2026-09-10,data,mid,any_ai,225,2464,9.1,208
2026-09-10,data,mid,genai,78,2464,3.2,70
2026-09-10,data,mid,ml,193,2464,7.8,179
2026-09-10,data,senior,any_ai,292,1829,16.0,281
2026-09-10,data,senior,genai,142,1829,7.8,132
2026-09-10,data,senior,ml,206,1829,11.3,198
2026-09-10,devops,all,any_ai,131,2380,5.5,117
2026-09-10,devops,all,genai,87,2380,3.7,72
2026-09-10,devops,all,ml,68,2380,2.9,67
2026-09-10,devops,entry,any_ai,2,38,5.3,2
2026-09-10,devops,entry,genai,1,38,2.6,1
2026-09-10,devops,entry,ml,1,38,2.6,1
2026-09-10,devops,mid,any_ai,73,1345,5.4,62
2026-09-10,devops,mid,genai,48,1345,3.6,36
2026-09-10,devops,mid,ml,33,1345,2.5,32
2026-09-10,devops,senior,any_ai,56,997,5.6,53
2026-09-10,devops,senior,genai,38,997,3.8,35
2026-09-10,devops,senior,ml,34,997,3.4,34
2026-09-10,engineering,all,any_ai,830,7231,11.5,768
2026-09-10,engineering,all,genai,606,7231,8.4,551
2026-09-10,engineering,all,ml,340,7231,4.7,311
2026-09-10,engineering,entry,any_ai,6,130,4.6,4
2026-09-10,engineering,entry,genai,2,130,1.5,1
2026-09-10,engineering,entry,ml,6,130,4.6,4
2026-09-10,engineering,mid,any_ai,317,2926,10.8,300
2026-09-10,engineering,mid,genai,207,2926,7.1,196
2026-09-10,engineering,mid,ml,158,2926,5.4,148
2026-09-10,engineering,senior,any_ai,507,4175,12.1,464
2026-09-10,engineering,senior,genai,397,4175,9.5,354
2026-09-10,engineering,senior,ml,176,4175,4.2,159
2026-09-10,product,all,any_ai,282,1628,17.3,268
2026-09-10,product,all,genai,235,1628,14.4,219
2026-09-10,product,all,ml,76,1628,4.7,70
2026-09-10,product,entry,any_ai,2,19,10.5,2
2026-09-10,product,entry,genai,1,19,5.3,1
2026-09-10,product,entry,ml,2,19,10.5,2
2026-09-10,product,mid,any_ai,108,674,16.0,100
2026-09-10,product,mid,genai,89,674,13.2,80
2026-09-10,product,mid,ml,26,674,3.9,25
2026-09-10,product,senior,any_ai,172,935,18.4,166
2026-09-10,product,senior,genai,145,935,15.5,138
2026-09-10,product,senior,ml,48,935,5.1,43
2026-09-10,security,all,any_ai,81,1134,7.1,74
2026-09-10,security,all,genai,70,1134,6.2,65
2026-09-10,security,all,ml,18,1134,1.6,14
2026-09-10,security,entry,any_ai,1,37,2.7,1
2026-09-10,security,entry,genai,1,37,2.7,1
2026-09-10,security,entry,ml,1,37,2.7,1
2026-09-10,security,mid,any_ai,38,673,5.6,36
2026-09-10,security,mid,genai,35,673,5.2,33
2026-09-10,security,mid,ml,5,673,0.7,4
2026-09-10,security,senior,any_ai,42,424,9.9,37
2026-09-10,security,senior,genai,34,424,8.0,31
2026-09-10,security,senior,ml,12,424,2.8,9
2026-09-11,ai,all,any_ai,1053,1824,57.7,1037
2026-09-11,ai,all,genai,620,1824,34.0,597
2026-09-11,ai,all,ml,774,1824,42.4,758
2026-09-11,ai,entry,any_ai,30,70,42.9,30
2026-09-11,ai,entry,genai,3,70,4.3,3
2026-09-11,ai,entry,ml,29,70,41.4,29
2026-09-11,ai,mid,any_ai,540,888,60.8,534
2026-09-11,ai,mid,genai,360,888,40.5,349
2026-09-11,ai,mid,ml,369,888,41.6,365
2026-09-11,ai,senior,any_ai,483,866,55.8,473
2026-09-11,ai,senior,genai,257,866,29.7,245
2026-09-11,ai,senior,ml,376,866,43.4,364
2026-09-11,data,all,any_ai,510,4279,11.9,485
2026-09-11,data,all,genai,205,4279,4.8,189
2026-09-11,data,all,ml,401,4279,9.4,379
2026-09-11,data,entry,any_ai,11,129,8.5,10
2026-09-11,data,entry,genai,4,129,3.1,4
2026-09-11,data,entry,ml,7,129,5.4,6
2026-09-11,data,mid,any_ai,212,2373,8.9,198
2026-09-11,data,mid,genai,69,2373,2.9,63
2026-09-11,data,mid,ml,186,2373,7.8,173
2026-09-11,data,senior,any_ai,287,1777,16.2,277
2026-09-11,data,senior,genai,132,1777,7.4,122
2026-09-11,data,senior,ml,208,1777,11.7,200
2026-09-11,devops,all,any_ai,137,2304,5.9,123
2026-09-11,devops,all,genai,88,2304,3.8,73
2026-09-11,devops,all,ml,74,2304,3.2,73
2026-09-11,devops,entry,any_ai,2,32,6.3,2
2026-09-11,devops,entry,genai,1,32,3.1,1
2026-09-11,devops,entry,ml,1,32,3.1,1
2026-09-11,devops,mid,any_ai,78,1313,5.9,67
2026-09-11,devops,mid,genai,51,1313,3.9,39
2026-09-11,devops,mid,ml,36,1313,2.7,35
2026-09-11,devops,senior,any_ai,57,959,5.9,54
2026-09-11,devops,senior,genai,36,959,3.8,33
2026-09-11,devops,senior,ml,37,959,3.9,37
2026-09-11,engineering,all,any_ai,805,6832,11.8,747
2026-09-11,engineering,all,genai,583,6832,8.5,530
2026-09-11,engineering,all,ml,332,6832,4.9,304
2026-09-11,engineering,entry,any_ai,6,139,4.3,4
2026-09-11,engineering,entry,genai,2,139,1.4,1
2026-09-11,engineering,entry,ml,6,139,4.3,4
2026-09-11,engineering,mid,any_ai,296,2687,11.0,280
2026-09-11,engineering,mid,genai,193,2687,7.2,184
2026-09-11,engineering,mid,ml,143,2687,5.3,133
2026-09-11,engineering,senior,any_ai,503,4006,12.6,463
2026-09-11,engineering,senior,genai,388,4006,9.7,345
2026-09-11,engineering,senior,ml,183,4006,4.6,167
2026-09-11,product,all,any_ai,277,1576,17.6,264
2026-09-11,product,all,genai,232,1576,14.7,217
2026-09-11,product,all,ml,75,1576,4.8,69
2026-09-11,product,entry,any_ai,2,20,10.0,2
2026-09-11,product,entry,genai,1,20,5.0,1
2026-09-11,product,entry,ml,2,20,10.0,2
2026-09-11,product,mid,any_ai,103,647,15.9,95
2026-09-11,product,mid,genai,87,647,13.4,78
2026-09-11,product,mid,ml,23,647,3.6,22
2026-09-11,product,senior,any_ai,172,909,18.9,167
2026-09-11,product,senior,genai,144,909,15.8,138
2026-09-11,product,senior,ml,50,909,5.5,45
2026-09-11,security,all,any_ai,82,1127,7.3,75
2026-09-11,security,all,genai,71,1127,6.3,66
2026-09-11,security,all,ml,17,1127,1.5,13
2026-09-11,security,entry,any_ai,1,32,3.1,1
2026-09-11,security,entry,genai,1,32,3.1,1
2026-09-11,security,entry,ml,1,32,3.1,1
2026-09-11,security,mid,any_ai,35,678,5.2,33
2026-09-11,security,mid,genai,32,678,4.7,30
2026-09-11,security,mid,ml,4,678,0.6,3
2026-09-11,security,senior,any_ai,46,417,11.0,41
2026-09-11,security,senior,genai,38,417,9.1,35
2026-09-11,security,senior,ml,12,417,2.9,9
2026-09-12,ai,all,any_ai,1109,1928,57.5,1094
2026-09-12,ai,all,genai,640,1928,33.2,617
2026-09-12,ai,all,ml,823,1928,42.7,808
2026-09-12,ai,entry,any_ai,31,71,43.7,31
2026-09-12,ai,entry,genai,3,71,4.2,3
2026-09-12,ai,entry,ml,30,71,42.3,30
2026-09-12,ai,mid,any_ai,555,925,60.0,550
2026-09-12,ai,mid,genai,365,925,39.5,354
2026-09-12,ai,mid,ml,381,925,41.2,378
2026-09-12,ai,senior,any_ai,523,932,56.1,513
2026-09-12,ai,senior,genai,272,932,29.2,260
2026-09-12,ai,senior,ml,412,932,44.2,400
2026-09-12,data,all,any_ai,535,4556,11.7,508
2026-09-12,data,all,genai,212,4556,4.7,196
2026-09-12,data,all,ml,423,4556,9.3,397
2026-09-12,data,entry,any_ai,11,137,8.0,10
2026-09-12,data,entry,genai,4,137,2.9,4
2026-09-12,data,entry,ml,7,137,5.1,6
2026-09-12,data,mid,any_ai,222,2522,8.8,207
2026-09-12,data,mid,genai,72,2522,2.9,66
2026-09-12,data,mid,ml,195,2522,7.7,181
2026-09-12,data,senior,any_ai,302,1897,15.9,291
2026-09-12,data,senior,genai,136,1897,7.2,126
2026-09-12,data,senior,ml,221,1897,11.6,210
2026-09-12,devops,all,any_ai,141,2437,5.8,127
2026-09-12,devops,all,genai,92,2437,3.8,77
2026-09-12,devops,all,ml,74,2437,3.0,73
2026-09-12,devops,entry,any_ai,2,35,5.7,2
2026-09-12,devops,entry,genai,1,35,2.9,1
2026-09-12,devops,entry,ml,1,35,2.9,1
2026-09-12,devops,mid,any_ai,78,1383,5.6,67
2026-09-12,devops,mid,genai,51,1383,3.7,39
2026-09-12,devops,mid,ml,36,1383,2.6,35
2026-09-12,devops,senior,any_ai,61,1019,6.0,58
2026-09-12,devops,senior,genai,40,1019,3.9,37
2026-09-12,devops,senior,ml,37,1019,3.6,37
2026-09-12,engineering,all,any_ai,838,7252,11.6,776
2026-09-12,engineering,all,genai,606,7252,8.4,549
2026-09-12,engineering,all,ml,345,7252,4.8,317
2026-09-12,engineering,entry,any_ai,6,147,4.1,4
2026-09-12,engineering,entry,genai,2,147,1.4,1
2026-09-12,engineering,entry,ml,6,147,4.1,4
2026-09-12,engineering,mid,any_ai,308,2847,10.8,292
2026-09-12,engineering,mid,genai,200,2847,7.0,191
2026-09-12,engineering,mid,ml,150,2847,5.3,140
2026-09-12,engineering,senior,any_ai,524,4258,12.3,480
2026-09-12,engineering,senior,genai,404,4258,9.5,357
2026-09-12,engineering,senior,ml,189,4258,4.4,173
2026-09-12,product,all,any_ai,284,1657,17.1,269
2026-09-12,product,all,genai,235,1657,14.2,220
2026-09-12,product,all,ml,79,1657,4.8,71
2026-09-12,product,entry,any_ai,2,21,9.5,2
2026-09-12,product,entry,genai,1,21,4.8,1
2026-09-12,product,entry,ml,2,21,9.5,2
2026-09-12,product,mid,any_ai,106,690,15.4,98
2026-09-12,product,mid,genai,88,690,12.8,79
2026-09-12,product,mid,ml,25,690,3.6,24
2026-09-12,product,senior,any_ai,176,946,18.6,169
2026-09-12,product,senior,genai,146,946,15.4,140
2026-09-12,product,senior,ml,52,946,5.5,45
2026-09-12,security,all,any_ai,86,1198,7.2,79
2026-09-12,security,all,genai,75,1198,6.3,70
2026-09-12,security,all,ml,17,1198,1.4,13
2026-09-12,security,entry,any_ai,1,33,3.0,1
2026-09-12,security,entry,genai,1,33,3.0,1
2026-09-12,security,entry,ml,1,33,3.0,1
2026-09-12,security,mid,any_ai,37,720,5.1,35
2026-09-12,security,mid,genai,34,720,4.7,32
2026-09-12,security,mid,ml,4,720,0.6,3
2026-09-12,security,senior,any_ai,48,445,10.8,43
2026-09-12,security,senior,genai,40,445,9.0,37
2026-09-12,security,senior,ml,12,445,2.7,9
2026-09-13,ai,all,any_ai,1172,2071,56.6,1157
2026-09-13,ai,all,genai,658,2071,31.8,635
2026-09-13,ai,all,ml,877,2071,42.3,862
2026-09-13,ai,entry,any_ai,32,72,44.4,32
2026-09-13,ai,entry,genai,3,72,4.2,3
2026-09-13,ai,entry,ml,31,72,43.1,31
2026-09-13,ai,mid,any_ai,591,994,59.5,586
2026-09-13,ai,mid,genai,374,994,37.6,363
2026-09-13,ai,mid,ml,413,994,41.5,410
2026-09-13,ai,senior,any_ai,549,1005,54.6,539
2026-09-13,ai,senior,genai,281,1005,28.0,269
2026-09-13,ai,senior,ml,433,1005,43.1,421
2026-09-13,data,all,any_ai,557,4840,11.5,529
2026-09-13,data,all,genai,225,4840,4.6,208
2026-09-13,data,all,ml,441,4840,9.1,413
2026-09-13,data,entry,any_ai,11,143,7.7,10
2026-09-13,data,entry,genai,4,143,2.8,4
2026-09-13,data,entry,ml,7,143,4.9,6
2026-09-13,data,mid,any_ai,229,2692,8.5,213
2026-09-13,data,mid,genai,76,2692,2.8,69
2026-09-13,data,mid,ml,201,2692,7.5,186
2026-09-13,data,senior,any_ai,317,2005,15.8,306
2026-09-13,data,senior,genai,145,2005,7.2,135
2026-09-13,data,senior,ml,233,2005,11.6,221
2026-09-13,devops,all,any_ai,146,2604,5.6,132
2026-09-13,devops,all,genai,96,2604,3.7,81
2026-09-13,devops,all,ml,75,2604,2.9,74
2026-09-13,devops,entry,any_ai,2,41,4.9,2
2026-09-13,devops,entry,genai,1,41,2.4,1
2026-09-13,devops,entry,ml,1,41,2.4,1
2026-09-13,devops,mid,any_ai,80,1470,5.4,69
2026-09-13,devops,mid,genai,53,1470,3.6,41
2026-09-13,devops,mid,ml,36,1470,2.4,35
2026-09-13,devops,senior,any_ai,64,1093,5.9,61
2026-09-13,devops,senior,genai,42,1093,3.8,39
2026-09-13,devops,senior,ml,38,1093,3.5,38
2026-09-13,engineering,all,any_ai,865,7681,11.3,801
2026-09-13,engineering,all,genai,626,7681,8.1,567
2026-09-13,engineering,all,ml,355,7681,4.6,327
2026-09-13,engineering,entry,any_ai,7,157,4.5,5
2026-09-13,engineering,entry,genai,3,157,1.9,2
2026-09-13,engineering,entry,ml,7,157,4.5,5
2026-09-13,engineering,mid,any_ai,322,3002,10.7,305
2026-09-13,engineering,mid,genai,211,3002,7.0,201
2026-09-13,engineering,mid,ml,155,3002,5.2,145
2026-09-13,engineering,senior,any_ai,536,4522,11.9,491
2026-09-13,engineering,senior,genai,412,4522,9.1,364
2026-09-13,engineering,senior,ml,193,4522,4.3,177
2026-09-13,product,all,any_ai,292,1737,16.8,277
2026-09-13,product,all,genai,240,1737,13.8,225
2026-09-13,product,all,ml,82,1737,4.7,74
2026-09-13,product,entry,any_ai,2,22,9.1,2
2026-09-13,product,entry,genai,1,22,4.5,1
2026-09-13,product,entry,ml,2,22,9.1,2
2026-09-13,product,mid,any_ai,107,731,14.6,99
2026-09-13,product,mid,genai,89,731,12.2,80
2026-09-13,product,mid,ml,25,731,3.4,24
2026-09-13,product,senior,any_ai,183,984,18.6,176
2026-09-13,product,senior,genai,150,984,15.2,144
2026-09-13,product,senior,ml,55,984,5.6,48
2026-09-13,security,all,any_ai,90,1268,7.1,83
2026-09-13,security,all,genai,78,1268,6.2,73
2026-09-13,security,all,ml,19,1268,1.5,15
2026-09-13,security,entry,any_ai,1,35,2.9,1
2026-09-13,security,entry,genai,1,35,2.9,1
2026-09-13,security,entry,ml,1,35,2.9,1
2026-09-13,security,mid,any_ai,40,757,5.3,38
2026-09-13,security,mid,genai,36,757,4.8,34
2026-09-13,security,mid,ml,6,757,0.8,5
2026-09-13,security,senior,any_ai,49,476,10.3,44
2026-09-13,security,senior,genai,41,476,8.6,38
2026-09-13,security,senior,ml,12,476,2.5,9
2026-09-14,ai,all,any_ai,1245,2219,56.1,1229
2026-09-14,ai,all,genai,695,2219,31.3,671
2026-09-14,ai,all,ml,931,2219,42.0,916
2026-09-14,ai,entry,any_ai,34,74,45.9,34
2026-09-14,ai,entry,genai,4,74,5.4,4
2026-09-14,ai,entry,ml,32,74,43.2,32
2026-09-14,ai,mid,any_ai,623,1088,57.3,618
2026-09-14,ai,mid,genai,392,1088,36.0,381
2026-09-14,ai,mid,ml,435,1088,40.0,432
2026-09-14,ai,senior,any_ai,588,1057,55.6,577
2026-09-14,ai,senior,genai,299,1057,28.3,286
2026-09-14,ai,senior,ml,464,1057,43.9,452
2026-09-14,data,all,any_ai,628,5155,12.2,599
2026-09-14,data,all,genai,239,5155,4.6,222
2026-09-14,data,all,ml,505,5155,9.8,475
2026-09-14,data,entry,any_ai,12,153,7.8,11
2026-09-14,data,entry,genai,4,153,2.6,4
2026-09-14,data,entry,ml,8,153,5.2,7
2026-09-14,data,mid,any_ai,246,2857,8.6,229
2026-09-14,data,mid,genai,84,2857,2.9,77
2026-09-14,data,mid,ml,214,2857,7.5,198
2026-09-14,data,senior,any_ai,370,2145,17.2,359
2026-09-14,data,senior,genai,151,2145,7.0,141
2026-09-14,data,senior,ml,283,2145,13.2,270
2026-09-14,devops,all,any_ai,164,2777,5.9,150
2026-09-14,devops,all,genai,98,2777,3.5,83
2026-09-14,devops,all,ml,91,2777,3.3,90
2026-09-14,devops,entry,any_ai,2,44,4.5,2
2026-09-14,devops,entry,genai,1,44,2.3,1
2026-09-14,devops,entry,ml,1,44,2.3,1
2026-09-14,devops,mid,any_ai,82,1553,5.3,71
2026-09-14,devops,mid,genai,53,1553,3.4,41
2026-09-14,devops,mid,ml,38,1553,2.4,37
2026-09-14,devops,senior,any_ai,80,1180,6.8,77
2026-09-14,devops,senior,genai,44,1180,3.7,41
2026-09-14,devops,senior,ml,52,1180,4.4,52
2026-09-14,engineering,all,any_ai,897,8164,11.0,829
2026-09-14,engineering,all,genai,650,8164,8.0,588
2026-09-14,engineering,all,ml,365,8164,4.5,336
2026-09-14,engineering,entry,any_ai,9,167,5.4,7
2026-09-14,engineering,entry,genai,5,167,3.0,4
2026-09-14,engineering,entry,ml,9,167,5.4,7
2026-09-14,engineering,mid,any_ai,329,3196,10.3,312
2026-09-14,engineering,mid,genai,216,3196,6.8,206
2026-09-14,engineering,mid,ml,157,3196,4.9,147
2026-09-14,engineering,senior,any_ai,559,4801,11.6,510
2026-09-14,engineering,senior,genai,429,4801,8.9,378
2026-09-14,engineering,senior,ml,199,4801,4.1,182
2026-09-14,product,all,any_ai,304,1810,16.8,288
2026-09-14,product,all,genai,251,1810,13.9,235
2026-09-14,product,all,ml,84,1810,4.6,76
2026-09-14,product,entry,any_ai,2,25,8.0,2
2026-09-14,product,entry,genai,1,25,4.0,1
2026-09-14,product,entry,ml,2,25,8.0,2
2026-09-14,product,mid,any_ai,112,766,14.6,103
2026-09-14,product,mid,genai,93,766,12.1,83
2026-09-14,product,mid,ml,27,766,3.5,26
2026-09-14,product,senior,any_ai,190,1019,18.6,183
2026-09-14,product,senior,genai,157,1019,15.4,151
2026-09-14,product,senior,ml,55,1019,5.4,48
2026-09-14,security,all,any_ai,92,1309,7.0,85
2026-09-14,security,all,genai,79,1309,6.0,74
2026-09-14,security,all,ml,20,1309,1.5,16
2026-09-14,security,entry,any_ai,1,35,2.9,1
2026-09-14,security,entry,genai,1,35,2.9,1
2026-09-14,security,entry,ml,1,35,2.9,1
2026-09-14,security,mid,any_ai,41,781,5.2,39
2026-09-14,security,mid,genai,37,781,4.7,35
2026-09-14,security,mid,ml,6,781,0.8,5
2026-09-14,security,senior,any_ai,50,493,10.1,45
2026-09-14,security,senior,genai,41,493,8.3,38
2026-09-14,security,senior,ml,13,493,2.6,10
2026-09-15,ai,all,any_ai,1150,2070,55.6,1133
2026-09-15,ai,all,genai,640,2070,30.9,618
2026-09-15,ai,all,ml,857,2070,41.4,843
2026-09-15,ai,entry,any_ai,36,67,53.7,36
2026-09-15,ai,entry,genai,6,67,9.0,6
2026-09-15,ai,entry,ml,34,67,50.7,34
2026-09-15,ai,mid,any_ai,554,987,56.1,548
2026-09-15,ai,mid,genai,355,987,36.0,344
2026-09-15,ai,mid,ml,377,987,38.2,375
2026-09-15,ai,senior,any_ai,560,1016,55.1,549
2026-09-15,ai,senior,genai,279,1016,27.5,268
2026-09-15,ai,senior,ml,446,1016,43.9,434
2026-09-15,data,all,any_ai,585,4822,12.1,559
2026-09-15,data,all,genai,216,4822,4.5,201
2026-09-15,data,all,ml,475,4822,9.9,448
2026-09-15,data,entry,any_ai,11,121,9.1,10
2026-09-15,data,entry,genai,3,121,2.5,3
2026-09-15,data,entry,ml,8,121,6.6,7
2026-09-15,data,mid,any_ai,228,2699,8.4,213
2026-09-15,data,mid,genai,76,2699,2.8,70
2026-09-15,data,mid,ml,199,2699,7.4,185
2026-09-15,data,senior,any_ai,346,2002,17.3,336
2026-09-15,data,senior,genai,137,2002,6.8,128
2026-09-15,data,senior,ml,268,2002,13.4,256
2026-09-15,devops,all,any_ai,160,2660,6.0,146
2026-09-15,devops,all,genai,97,2660,3.6,82
2026-09-15,devops,all,ml,86,2660,3.2,85
2026-09-15,devops,entry,any_ai,1,43,2.3,1
2026-09-15,devops,entry,genai,1,43,2.3,1
2026-09-15,devops,entry,ml,0,43,0.0,0
2026-09-15,devops,mid,any_ai,80,1478,5.4,69
2026-09-15,devops,mid,genai,51,1478,3.5,39
2026-09-15,devops,mid,ml,37,1478,2.5,36
2026-09-15,devops,senior,any_ai,79,1139,6.9,76
2026-09-15,devops,senior,genai,45,1139,4.0,42
2026-09-15,devops,senior,ml,49,1139,4.3,49
2026-09-15,engineering,all,any_ai,864,7890,11.0,800
2026-09-15,engineering,all,genai,630,7890,8.0,571
2026-09-15,engineering,all,ml,344,7890,4.4,317
2026-09-15,engineering,entry,any_ai,9,161,5.6,7
2026-09-15,engineering,entry,genai,6,161,3.7,5
2026-09-15,engineering,entry,ml,9,161,5.6,7
2026-09-15,engineering,mid,any_ai,310,3120,9.9,295
2026-09-15,engineering,mid,genai,205,3120,6.6,196
2026-09-15,engineering,mid,ml,147,3120,4.7,138
2026-09-15,engineering,senior,any_ai,545,4609,11.8,498
2026-09-15,engineering,senior,genai,419,4609,9.1,370
2026-09-15,engineering,senior,ml,188,4609,4.1,172
2026-09-15,product,all,any_ai,277,1719,16.1,266
2026-09-15,product,all,genai,229,1719,13.3,218
2026-09-15,product,all,ml,77,1719,4.5,69
2026-09-15,product,entry,any_ai,2,29,6.9,2
2026-09-15,product,entry,genai,1,29,3.4,1
2026-09-15,product,entry,ml,2,29,6.9,2
2026-09-15,product,mid,any_ai,99,728,13.6,94
2026-09-15,product,mid,genai,84,728,11.5,78
2026-09-15,product,mid,ml,23,728,3.2,22
2026-09-15,product,senior,any_ai,176,962,18.3,170
2026-09-15,product,senior,genai,144,962,15.0,139
2026-09-15,product,senior,ml,52,962,5.4,45
2026-09-15,security,all,any_ai,89,1282,6.9,82
2026-09-15,security,all,genai,76,1282,5.9,71
2026-09-15,security,all,ml,20,1282,1.6,16
2026-09-15,security,entry,any_ai,1,33,3.0,1
2026-09-15,security,entry,genai,1,33,3.0,1
2026-09-15,security,entry,ml,1,33,3.0,1
2026-09-15,security,mid,any_ai,40,771,5.2,38
2026-09-15,security,mid,genai,36,771,4.7,34
2026-09-15,security,mid,ml,6,771,0.8,5
2026-09-15,security,senior,any_ai,48,478,10.0,43
2026-09-15,security,senior,genai,39,478,8.2,36
2026-09-15,security,senior,ml,13,478,2.7,10
2026-09-16,ai,all,any_ai,1206,2201,54.8,1189
2026-09-16,ai,all,genai,662,2201,30.1,640
2026-09-16,ai,all,ml,901,2201,40.9,887
2026-09-16,ai,entry,any_ai,36,68,52.9,36
2026-09-16,ai,entry,genai,6,68,8.8,6
2026-09-16,ai,entry,ml,34,68,50.0,34
2026-09-16,ai,mid,any_ai,591,1068,55.3,585
2026-09-16,ai,mid,genai,371,1068,34.7,360
2026-09-16,ai,mid,ml,404,1068,37.8,402
2026-09-16,ai,senior,any_ai,579,1065,54.4,568
2026-09-16,ai,senior,genai,285,1065,26.8,274
2026-09-16,ai,senior,ml,463,1065,43.5,451
2026-09-16,data,all,any_ai,618,5147,12.0,592
2026-09-16,data,all,genai,230,5147,4.5,215
2026-09-16,data,all,ml,497,5147,9.7,470
2026-09-16,data,entry,any_ai,13,131,9.9,12
2026-09-16,data,entry,genai,4,131,3.1,4
2026-09-16,data,entry,ml,10,131,7.6,9
2026-09-16,data,mid,any_ai,250,2885,8.7,235
2026-09-16,data,mid,genai,87,2885,3.0,81
2026-09-16,data,mid,ml,211,2885,7.3,197
2026-09-16,data,senior,any_ai,355,2131,16.7,345
2026-09-16,data,senior,genai,139,2131,6.5,130
2026-09-16,data,senior,ml,276,2131,13.0,264
2026-09-16,devops,all,any_ai,168,2855,5.9,154
2026-09-16,devops,all,genai,101,2855,3.5,86
2026-09-16,devops,all,ml,90,2855,3.2,89
2026-09-16,devops,entry,any_ai,1,51,2.0,1
2026-09-16,devops,entry,genai,1,51,2.0,1
2026-09-16,devops,entry,ml,0,51,0.0,0
2026-09-16,devops,mid,any_ai,84,1580,5.3,73
2026-09-16,devops,mid,genai,52,1580,3.3,40
2026-09-16,devops,mid,ml,40,1580,2.5,39
2026-09-16,devops,senior,any_ai,83,1224,6.8,80
2026-09-16,devops,senior,genai,48,1224,3.9,45
2026-09-16,devops,senior,ml,50,1224,4.1,50
2026-09-16,engineering,all,any_ai,907,8404,10.8,838
2026-09-16,engineering,all,genai,660,8404,7.9,598
2026-09-16,engineering,all,ml,360,8404,4.3,330
2026-09-16,engineering,entry,any_ai,10,167,6.0,8
2026-09-16,engineering,entry,genai,7,167,4.2,6
2026-09-16,engineering,entry,ml,9,167,5.4,7
2026-09-16,engineering,mid,any_ai,323,3331,9.7,306
2026-09-16,engineering,mid,genai,213,3331,6.4,203
2026-09-16,engineering,mid,ml,152,3331,4.6,142
2026-09-16,engineering,senior,any_ai,574,4906,11.7,524
2026-09-16,engineering,senior,genai,440,4906,9.0,389
2026-09-16,engineering,senior,ml,199,4906,4.1,181
2026-09-16,product,all,any_ai,288,1816,15.9,276
2026-09-16,product,all,genai,241,1816,13.3,229
2026-09-16,product,all,ml,77,1816,4.2,69
2026-09-16,product,entry,any_ai,2,31,6.5,2
2026-09-16,product,entry,genai,1,31,3.2,1
2026-09-16,product,entry,ml,2,31,6.5,2
2026-09-16,product,mid,any_ai,102,778,13.1,96
2026-09-16,product,mid,genai,88,778,11.3,81
2026-09-16,product,mid,ml,23,778,3.0,22
2026-09-16,product,senior,any_ai,184,1007,18.3,178
2026-09-16,product,senior,genai,152,1007,15.1,147
2026-09-16,product,senior,ml,52,1007,5.2,45
2026-09-16,security,all,any_ai,92,1345,6.8,85
2026-09-16,security,all,genai,79,1345,5.9,74
2026-09-16,security,all,ml,21,1345,1.6,17
2026-09-16,security,entry,any_ai,1,34,2.9,1
2026-09-16,security,entry,genai,1,34,2.9,1
2026-09-16,security,entry,ml,1,34,2.9,1
2026-09-16,security,mid,any_ai,40,805,5.0,38
2026-09-16,security,mid,genai,36,805,4.5,34
2026-09-16,security,mid,ml,6,805,0.7,5
2026-09-16,security,senior,any_ai,51,506,10.1,46
2026-09-16,security,senior,genai,42,506,8.3,39
2026-09-16,security,senior,ml,14,506,2.8,11
2026-09-17,ai,all,any_ai,1258,2334,53.9,1241
2026-09-17,ai,all,genai,689,2334,29.5,666
2026-09-17,ai,all,ml,936,2334,40.1,922
2026-09-17,ai,entry,any_ai,39,72,54.2,39
2026-09-17,ai,entry,genai,8,72,11.1,8
2026-09-17,ai,entry,ml,36,72,50.0,36
2026-09-17,ai,mid,any_ai,620,1136,54.6,614
2026-09-17,ai,mid,genai,388,1136,34.2,377
2026-09-17,ai,mid,ml,422,1136,37.1,420
2026-09-17,ai,senior,any_ai,599,1126,53.2,588
2026-09-17,ai,senior,genai,293,1126,26.0,281
2026-09-17,ai,senior,ml,478,1126,42.5,466
2026-09-17,data,all,any_ai,653,5455,12.0,626
2026-09-17,data,all,genai,245,5455,4.5,229
2026-09-17,data,all,ml,526,5455,9.6,498
2026-09-17,data,entry,any_ai,13,142,9.2,12
2026-09-17,data,entry,genai,4,142,2.8,4
2026-09-17,data,entry,ml,10,142,7.0,9
2026-09-17,data,mid,any_ai,270,3069,8.8,254
2026-09-17,data,mid,genai,95,3069,3.1,89
2026-09-17,data,mid,ml,227,3069,7.4,212
2026-09-17,data,senior,any_ai,370,2244,16.5,360
2026-09-17,data,senior,genai,146,2244,6.5,136
2026-09-17,data,senior,ml,289,2244,12.9,277
2026-09-17,devops,all,any_ai,179,3063,5.8,165
2026-09-17,devops,all,genai,103,3063,3.4,88
2026-09-17,devops,all,ml,101,3063,3.3,100
2026-09-17,devops,entry,any_ai,1,53,1.9,1
2026-09-17,devops,entry,genai,1,53,1.9,1
2026-09-17,devops,entry,ml,0,53,0.0,0
2026-09-17,devops,mid,any_ai,88,1685,5.2,77
2026-09-17,devops,mid,genai,53,1685,3.1,41
2026-09-17,devops,mid,ml,44,1685,2.6,43
2026-09-17,devops,senior,any_ai,90,1325,6.8,87
2026-09-17,devops,senior,genai,49,1325,3.7,46
2026-09-17,devops,senior,ml,57,1325,4.3,57
2026-09-17,engineering,all,any_ai,969,8876,10.9,896
2026-09-17,engineering,all,genai,692,8876,7.8,628
2026-09-17,engineering,all,ml,396,8876,4.5,364
2026-09-17,engineering,entry,any_ai,11,175,6.3,9
2026-09-17,engineering,entry,genai,7,175,4.0,6
2026-09-17,engineering,entry,ml,10,175,5.7,8
2026-09-17,engineering,mid,any_ai,339,3533,9.6,321
2026-09-17,engineering,mid,genai,221,3533,6.3,210
2026-09-17,engineering,mid,ml,162,3533,4.6,152
2026-09-17,engineering,senior,any_ai,619,5168,12.0,566
2026-09-17,engineering,senior,genai,464,5168,9.0,412
2026-09-17,engineering,senior,ml,224,5168,4.3,204
2026-09-17,product,all,any_ai,299,1909,15.7,285
2026-09-17,product,all,genai,251,1909,13.1,238
2026-09-17,product,all,ml,80,1909,4.2,70
2026-09-17,product,entry,any_ai,2,33,6.1,2
2026-09-17,product,entry,genai,1,33,3.0,1
2026-09-17,product,entry,ml,2,33,6.1,2
2026-09-17,product,mid,any_ai,103,816,12.6,97
2026-09-17,product,mid,genai,89,816,10.9,82
2026-09-17,product,mid,ml,23,816,2.8,22
2026-09-17,product,senior,any_ai,194,1060,18.3,186
2026-09-17,product,senior,genai,161,1060,15.2,155
2026-09-17,product,senior,ml,55,1060,5.2,46
2026-09-17,security,all,any_ai,97,1424,6.8,89
2026-09-17,security,all,genai,84,1424,5.9,78
2026-09-17,security,all,ml,21,1424,1.5,17
2026-09-17,security,entry,any_ai,1,36,2.8,1
2026-09-17,security,entry,genai,1,36,2.8,1
2026-09-17,security,entry,ml,1,36,2.8,1
2026-09-17,security,mid,any_ai,41,855,4.8,38
2026-09-17,security,mid,genai,37,855,4.3,34
2026-09-17,security,mid,ml,6,855,0.7,5
2026-09-17,security,senior,any_ai,55,533,10.3,50
2026-09-17,security,senior,genai,46,533,8.6,43
2026-09-17,security,senior,ml,14,533,2.6,11
2026-09-18,ai,all,any_ai,1313,2466,53.2,1296
2026-09-18,ai,all,genai,717,2466,29.1,694
2026-09-18,ai,all,ml,974,2466,39.5,960
2026-09-18,ai,entry,any_ai,41,74,55.4,41
2026-09-18,ai,entry,genai,9,74,12.2,9
2026-09-18,ai,entry,ml,37,74,50.0,37
2026-09-18,ai,mid,any_ai,651,1206,54.0,645
2026-09-18,ai,mid,genai,408,1206,33.8,397
2026-09-18,ai,mid,ml,439,1206,36.4,437
2026-09-18,ai,senior,any_ai,621,1186,52.4,610
2026-09-18,ai,senior,genai,300,1186,25.3,288
2026-09-18,ai,senior,ml,498,1186,42.0,486
2026-09-18,data,all,any_ai,711,5769,12.3,681
2026-09-18,data,all,genai,251,5769,4.4,233
2026-09-18,data,all,ml,581,5769,10.1,552
2026-09-18,data,entry,any_ai,14,149,9.4,13
2026-09-18,data,entry,genai,4,149,2.7,4
2026-09-18,data,entry,ml,11,149,7.4,10
2026-09-18,data,mid,any_ai,308,3280,9.4,291
2026-09-18,data,mid,genai,96,3280,2.9,90
2026-09-18,data,mid,ml,265,3280,8.1,249
2026-09-18,data,senior,any_ai,389,2340,16.6,377
2026-09-18,data,senior,genai,151,2340,6.5,139
2026-09-18,data,senior,ml,305,2340,13.0,293
2026-09-18,devops,all,any_ai,188,3245,5.8,174
2026-09-18,devops,all,genai,108,3245,3.3,93
2026-09-18,devops,all,ml,106,3245,3.3,105
2026-09-18,devops,entry,any_ai,1,55,1.8,1
2026-09-18,devops,entry,genai,1,55,1.8,1
2026-09-18,devops,entry,ml,0,55,0.0,0
2026-09-18,devops,mid,any_ai,94,1808,5.2,83
2026-09-18,devops,mid,genai,56,1808,3.1,44
2026-09-18,devops,mid,ml,47,1808,2.6,46
2026-09-18,devops,senior,any_ai,93,1382,6.7,90
2026-09-18,devops,senior,genai,51,1382,3.7,48
2026-09-18,devops,senior,ml,59,1382,4.3,59
2026-09-18,engineering,all,any_ai,1010,9375,10.8,937
2026-09-18,engineering,all,genai,721,9375,7.7,656
2026-09-18,engineering,all,ml,412,9375,4.4,380
2026-09-18,engineering,entry,any_ai,11,188,5.9,9
2026-09-18,engineering,entry,genai,7,188,3.7,6
2026-09-18,engineering,entry,ml,10,188,5.3,8
2026-09-18,engineering,mid,any_ai,364,3782,9.6,346
2026-09-18,engineering,mid,genai,239,3782,6.3,227
2026-09-18,engineering,mid,ml,171,3782,4.5,161
2026-09-18,engineering,senior,any_ai,635,5405,11.7,582
2026-09-18,engineering,senior,genai,475,5405,8.8,423
2026-09-18,engineering,senior,ml,231,5405,4.3,211
2026-09-18,product,all,any_ai,305,2006,15.2,291
2026-09-18,product,all,genai,255,2006,12.7,242
2026-09-18,product,all,ml,82,2006,4.1,72
2026-09-18,product,entry,any_ai,2,35,5.7,2
2026-09-18,product,entry,genai,1,35,2.9,1
2026-09-18,product,entry,ml,2,35,5.7,2
2026-09-18,product,mid,any_ai,107,864,12.4,101
2026-09-18,product,mid,genai,91,864,10.5,84
2026-09-18,product,mid,ml,25,864,2.9,24
2026-09-18,product,senior,any_ai,196,1107,17.7,188
2026-09-18,product,senior,genai,163,1107,14.7,157
2026-09-18,product,senior,ml,55,1107,5.0,46
2026-09-18,security,all,any_ai,102,1518,6.7,94
2026-09-18,security,all,genai,89,1518,5.9,83
2026-09-18,security,all,ml,21,1518,1.4,17
2026-09-18,security,entry,any_ai,1,38,2.6,1
2026-09-18,security,entry,genai,1,38,2.6,1
2026-09-18,security,entry,ml,1,38,2.6,1
2026-09-18,security,mid,any_ai,42,914,4.6,39
2026-09-18,security,mid,genai,38,914,4.2,35
2026-09-18,security,mid,ml,6,914,0.7,5
2026-09-18,security,senior,any_ai,59,566,10.4,54
2026-09-18,security,senior,genai,50,566,8.8,47
2026-09-18,security,senior,ml,14,566,2.5,11
2026-09-19,ai,all,any_ai,1365,2615,52.2,1348
2026-09-19,ai,all,genai,742,2615,28.4,719
2026-09-19,ai,all,ml,1012,2615,38.7,998
2026-09-19,ai,entry,any_ai,43,77,55.8,43
2026-09-19,ai,entry,genai,11,77,14.3,11
2026-09-19,ai,entry,ml,37,77,48.1,37
2026-09-19,ai,mid,any_ai,671,1269,52.9,665
2026-09-19,ai,mid,genai,418,1269,32.9,407
2026-09-19,ai,mid,ml,451,1269,35.5,449
2026-09-19,ai,senior,any_ai,651,1269,51.3,640
2026-09-19,ai,senior,genai,313,1269,24.7,301
2026-09-19,ai,senior,ml,524,1269,41.3,512
2026-09-19,data,all,any_ai,728,6109,11.9,697
2026-09-19,data,all,genai,257,6109,4.2,239
2026-09-19,data,all,ml,595,6109,9.7,564
2026-09-19,data,entry,any_ai,14,158,8.9,13
2026-09-19,data,entry,genai,4,158,2.5,4
2026-09-19,data,entry,ml,11,158,7.0,10
2026-09-19,data,mid,any_ai,316,3508,9.0,299
2026-09-19,data,mid,genai,98,3508,2.8,92
2026-09-19,data,mid,ml,272,3508,7.8,256
2026-09-19,data,senior,any_ai,398,2443,16.3,385
2026-09-19,data,senior,genai,155,2443,6.3,143
2026-09-19,data,senior,ml,312,2443,12.8,298
2026-09-19,devops,all,any_ai,191,3454,5.5,177
2026-09-19,devops,all,genai,111,3454,3.2,96
2026-09-19,devops,all,ml,106,3454,3.1,105
2026-09-19,devops,entry,any_ai,1,55,1.8,1
2026-09-19,devops,entry,genai,1,55,1.8,1
2026-09-19,devops,entry,ml,0,55,0.0,0
2026-09-19,devops,mid,any_ai,97,1940,5.0,86
2026-09-19,devops,mid,genai,59,1940,3.0,47
2026-09-19,devops,mid,ml,47,1940,2.4,46
2026-09-19,devops,senior,any_ai,93,1459,6.4,90
2026-09-19,devops,senior,genai,51,1459,3.5,48
2026-09-19,devops,senior,ml,59,1459,4.0,59
2026-09-19,engineering,all,any_ai,1036,9787,10.6,963
2026-09-19,engineering,all,genai,739,9787,7.6,673
2026-09-19,engineering,all,ml,422,9787,4.3,390
2026-09-19,engineering,entry,any_ai,12,199,6.0,10
2026-09-19,engineering,entry,genai,8,199,4.0,7
2026-09-19,engineering,entry,ml,10,199,5.0,8
2026-09-19,engineering,mid,any_ai,374,3983,9.4,356
2026-09-19,engineering,mid,genai,245,3983,6.2,233
2026-09-19,engineering,mid,ml,176,3983,4.4,166
2026-09-19,engineering,senior,any_ai,650,5605,11.6,597
2026-09-19,engineering,senior,genai,486,5605,8.7,433
2026-09-19,engineering,senior,ml,236,5605,4.2,216
2026-09-19,product,all,any_ai,310,2148,14.4,296
2026-09-19,product,all,genai,258,2148,12.0,245
2026-09-19,product,all,ml,85,2148,4.0,75
2026-09-19,product,entry,any_ai,2,35,5.7,2
2026-09-19,product,entry,genai,1,35,2.9,1
2026-09-19,product,entry,ml,2,35,5.7,2
2026-09-19,product,mid,any_ai,108,949,11.4,102
2026-09-19,product,mid,genai,91,949,9.6,84
2026-09-19,product,mid,ml,26,949,2.7,25
2026-09-19,product,senior,any_ai,200,1164,17.2,192
2026-09-19,product,senior,genai,166,1164,14.3,160
2026-09-19,product,senior,ml,57,1164,4.9,48
2026-09-19,security,all,any_ai,104,1608,6.5,95
2026-09-19,security,all,genai,91,1608,5.7,84
2026-09-19,security,all,ml,22,1608,1.4,18
2026-09-19,security,entry,any_ai,1,41,2.4,1
2026-09-19,security,entry,genai,1,41,2.4,1
2026-09-19,security,entry,ml,1,41,2.4,1
2026-09-19,security,mid,any_ai,44,963,4.6,40
2026-09-19,security,mid,genai,40,963,4.2,36
2026-09-19,security,mid,ml,7,963,0.7,6
2026-09-19,security,senior,any_ai,59,604,9.8,54
2026-09-19,security,senior,genai,50,604,8.3,47
2026-09-19,security,senior,ml,14,604,2.3,11
2026-09-20,ai,all,any_ai,1439,2767,52.0,1422
2026-09-20,ai,all,genai,795,2767,28.7,772
2026-09-20,ai,all,ml,1044,2767,37.7,1030
2026-09-20,ai,entry,any_ai,44,79,55.7,44
2026-09-20,ai,entry,genai,11,79,13.9,11
2026-09-20,ai,entry,ml,38,79,48.1,38
2026-09-20,ai,mid,any_ai,722,1378,52.4,716
2026-09-20,ai,mid,genai,458,1378,33.2,447
2026-09-20,ai,mid,ml,465,1378,33.7,463
2026-09-20,ai,senior,any_ai,673,1310,51.4,662
2026-09-20,ai,senior,genai,326,1310,24.9,314
2026-09-20,ai,senior,ml,541,1310,41.3,529
2026-09-20,data,all,any_ai,753,6347,11.9,721
2026-09-20,data,all,genai,264,6347,4.2,246
2026-09-20,data,all,ml,616,6347,9.7,584
2026-09-20,data,entry,any_ai,15,166,9.0,14
2026-09-20,data,entry,genai,5,166,3.0,5
2026-09-20,data,entry,ml,12,166,7.2,11
2026-09-20,data,mid,any_ai,330,3635,9.1,312
2026-09-20,data,mid,genai,102,3635,2.8,96
2026-09-20,data,mid,ml,284,3635,7.8,267
2026-09-20,data,senior,any_ai,408,2546,16.0,395
2026-09-20,data,senior,genai,157,2546,6.2,145
2026-09-20,data,senior,ml,320,2546,12.6,306
2026-09-20,devops,all,any_ai,195,3620,5.4,181
2026-09-20,devops,all,genai,112,3620,3.1,97
2026-09-20,devops,all,ml,109,3620,3.0,108
2026-09-20,devops,entry,any_ai,1,56,1.8,1
2026-09-20,devops,entry,genai,1,56,1.8,1
2026-09-20,devops,entry,ml,0,56,0.0,0
2026-09-20,devops,mid,any_ai,97,2025,4.8,86
2026-09-20,devops,mid,genai,59,2025,2.9,47
2026-09-20,devops,mid,ml,47,2025,2.3,46
2026-09-20,devops,senior,any_ai,97,1539,6.3,94
2026-09-20,devops,senior,genai,52,1539,3.4,49
2026-09-20,devops,senior,ml,62,1539,4.0,62
2026-09-20,engineering,all,any_ai,1068,10169,10.5,993
2026-09-20,engineering,all,genai,760,10169,7.5,693
2026-09-20,engineering,all,ml,436,10169,4.3,403
2026-09-20,engineering,entry,any_ai,12,203,5.9,10
2026-09-20,engineering,entry,genai,8,203,3.9,7
2026-09-20,engineering,entry,ml,10,203,4.9,8
2026-09-20,engineering,mid,any_ai,387,4141,9.3,368
2026-09-20,engineering,mid,genai,255,4141,6.2,243
2026-09-20,engineering,mid,ml,181,4141,4.4,170
2026-09-20,engineering,senior,any_ai,669,5825,11.5,615
2026-09-20,engineering,senior,genai,497,5825,8.5,443
2026-09-20,engineering,senior,ml,245,5825,4.2,225
2026-09-20,product,all,any_ai,319,2237,14.3,305
2026-09-20,product,all,genai,264,2237,11.8,251
2026-09-20,product,all,ml,92,2237,4.1,82
2026-09-20,product,entry,any_ai,2,36,5.6,2
2026-09-20,product,entry,genai,1,36,2.8,1
2026-09-20,product,entry,ml,2,36,5.6,2
2026-09-20,product,mid,any_ai,108,985,11.0,102
2026-09-20,product,mid,genai,91,985,9.2,84
2026-09-20,product,mid,ml,26,985,2.6,25
2026-09-20,product,senior,any_ai,209,1216,17.2,201
2026-09-20,product,senior,genai,172,1216,14.1,166
2026-09-20,product,senior,ml,64,1216,5.3,55
2026-09-20,security,all,any_ai,108,1689,6.4,99
2026-09-20,security,all,genai,93,1689,5.5,86
2026-09-20,security,all,ml,24,1689,1.4,20
2026-09-20,security,entry,any_ai,1,42,2.4,1
2026-09-20,security,entry,genai,1,42,2.4,1
2026-09-20,security,entry,ml,1,42,2.4,1
2026-09-20,security,mid,any_ai,45,1011,4.5,41
2026-09-20,security,mid,genai,41,1011,4.1,37
2026-09-20,security,mid,ml,7,1011,0.7,6
2026-09-20,security,senior,any_ai,62,636,9.7,57
2026-09-20,security,senior,genai,51,636,8.0,48
2026-09-20,security,senior,ml,16,636,2.5,13
2026-09-21,ai,all,any_ai,1478,2860,51.7,1461
2026-09-21,ai,all,genai,814,2860,28.5,791
2026-09-21,ai,all,ml,1072,2860,37.5,1058
2026-09-21,ai,entry,any_ai,45,82,54.9,45
2026-09-21,ai,entry,genai,11,82,13.4,11
2026-09-21,ai,entry,ml,39,82,47.6,39
2026-09-21,ai,mid,any_ai,745,1423,52.4,739
2026-09-21,ai,mid,genai,473,1423,33.2,462
2026-09-21,ai,mid,ml,478,1423,33.6,476
2026-09-21,ai,senior,any_ai,688,1355,50.8,677
2026-09-21,ai,senior,genai,330,1355,24.4,318
2026-09-21,ai,senior,ml,555,1355,41.0,543
2026-09-21,data,all,any_ai,785,6633,11.8,753
2026-09-21,data,all,genai,275,6633,4.1,257
2026-09-21,data,all,ml,643,6633,9.7,610
2026-09-21,data,entry,any_ai,15,174,8.6,14
2026-09-21,data,entry,genai,5,174,2.9,5
2026-09-21,data,entry,ml,12,174,6.9,11
2026-09-21,data,mid,any_ai,343,3770,9.1,325
2026-09-21,data,mid,genai,105,3770,2.8,99
2026-09-21,data,mid,ml,294,3770,7.8,277
2026-09-21,data,senior,any_ai,427,2689,15.9,414
2026-09-21,data,senior,genai,165,2689,6.1,153
2026-09-21,data,senior,ml,337,2689,12.5,322
2026-09-21,devops,all,any_ai,198,3782,5.2,184
2026-09-21,devops,all,genai,114,3782,3.0,99
2026-09-21,devops,all,ml,110,3782,2.9,109
2026-09-21,devops,entry,any_ai,1,59,1.7,1
2026-09-21,devops,entry,genai,1,59,1.7,1
2026-09-21,devops,entry,ml,0,59,0.0,0
2026-09-21,devops,mid,any_ai,98,2113,4.6,87
2026-09-21,devops,mid,genai,60,2113,2.8,48
2026-09-21,devops,mid,ml,47,2113,2.2,46
2026-09-21,devops,senior,any_ai,99,1610,6.1,96
2026-09-21,devops,senior,genai,53,1610,3.3,50
2026-09-21,devops,senior,ml,63,1610,3.9,63
2026-09-21,engineering,all,any_ai,1116,10518,10.6,1037
2026-09-21,engineering,all,genai,789,10518,7.5,718
2026-09-21,engineering,all,ml,461,10518,4.4,428
2026-09-21,engineering,entry,any_ai,12,209,5.7,10
2026-09-21,engineering,entry,genai,8,209,3.8,7
2026-09-21,engineering,entry,ml,10,209,4.8,8
2026-09-21,engineering,mid,any_ai,417,4313,9.7,398
2026-09-21,engineering,mid,genai,273,4313,6.3,261
2026-09-21,engineering,mid,ml,196,4313,4.5,185
2026-09-21,engineering,senior,any_ai,687,5996,11.5,629
2026-09-21,engineering,senior,genai,508,5996,8.5,450
2026-09-21,engineering,senior,ml,255,5996,4.3,235
2026-09-21,product,all,any_ai,328,2320,14.1,313
2026-09-21,product,all,genai,269,2320,11.6,256
2026-09-21,product,all,ml,97,2320,4.2,86
2026-09-21,product,entry,any_ai,2,37,5.4,2
2026-09-21,product,entry,genai,1,37,2.7,1
2026-09-21,product,entry,ml,2,37,5.4,2
2026-09-21,product,mid,any_ai,112,1028,10.9,106
2026-09-21,product,mid,genai,93,1028,9.0,86
2026-09-21,product,mid,ml,28,1028,2.7,27
2026-09-21,product,senior,any_ai,214,1255,17.1,205
2026-09-21,product,senior,genai,175,1255,13.9,169
2026-09-21,product,senior,ml,67,1255,5.3,57
2026-09-21,security,all,any_ai,116,1750,6.6,107
2026-09-21,security,all,genai,100,1750,5.7,93
2026-09-21,security,all,ml,26,1750,1.5,22
2026-09-21,security,entry,any_ai,1,42,2.4,1
2026-09-21,security,entry,genai,1,42,2.4,1
2026-09-21,security,entry,ml,1,42,2.4,1
2026-09-21,security,mid,any_ai,48,1059,4.5,44
2026-09-21,security,mid,genai,44,1059,4.2,40
2026-09-21,security,mid,ml,7,1059,0.7,6
2026-09-21,security,senior,any_ai,67,649,10.3,62
2026-09-21,security,senior,genai,55,649,8.5,52
2026-09-21,security,senior,ml,18,649,2.8,15
2026-09-22,ai,all,any_ai,1557,3004,51.8,1540
2026-09-22,ai,all,genai,857,3004,28.5,834
2026-09-22,ai,all,ml,1130,3004,37.6,1114
2026-09-22,ai,entry,any_ai,46,84,54.8,46
2026-09-22,ai,entry,genai,11,84,13.1,11
2026-09-22,ai,entry,ml,40,84,47.6,40
2026-09-22,ai,mid,any_ai,790,1494,52.9,784
2026-09-22,ai,mid,genai,498,1494,33.3,487
2026-09-22,ai,mid,ml,510,1494,34.1,507
2026-09-22,ai,senior,any_ai,721,1426,50.6,710
2026-09-22,ai,senior,genai,348,1426,24.4,336
2026-09-22,ai,senior,ml,580,1426,40.7,567
2026-09-22,data,all,any_ai,817,6905,11.8,783
2026-09-22,data,all,genai,290,6905,4.2,270
2026-09-22,data,all,ml,667,6905,9.7,633
2026-09-22,data,entry,any_ai,16,183,8.7,15
2026-09-22,data,entry,genai,6,183,3.3,5
2026-09-22,data,entry,ml,13,183,7.1,12
2026-09-22,data,mid,any_ai,357,3936,9.1,337
2026-09-22,data,mid,genai,110,3936,2.8,103
2026-09-22,data,mid,ml,304,3936,7.7,286
2026-09-22,data,senior,any_ai,444,2786,15.9,431
2026-09-22,data,senior,genai,174,2786,6.2,162
2026-09-22,data,senior,ml,350,2786,12.6,335
2026-09-22,devops,all,any_ai,206,3978,5.2,192
2026-09-22,devops,all,genai,120,3978,3.0,105
2026-09-22,devops,all,ml,112,3978,2.8,111
2026-09-22,devops,entry,any_ai,1,65,1.5,1
2026-09-22,devops,entry,genai,1,65,1.5,1
2026-09-22,devops,entry,ml,0,65,0.0,0
2026-09-22,devops,mid,any_ai,103,2214,4.7,92
2026-09-22,devops,mid,genai,64,2214,2.9,52
2026-09-22,devops,mid,ml,48,2214,2.2,47
2026-09-22,devops,senior,any_ai,102,1699,6.0,99
2026-09-22,devops,senior,genai,55,1699,3.2,52
2026-09-22,devops,senior,ml,64,1699,3.8,64
2026-09-22,engineering,all,any_ai,1148,10970,10.5,1068
2026-09-22,engineering,all,genai,808,10970,7.4,737
2026-09-22,engineering,all,ml,477,10970,4.3,443
2026-09-22,engineering,entry,any_ai,12,213,5.6,10
2026-09-22,engineering,entry,genai,8,213,3.8,7
2026-09-22,engineering,entry,ml,10,213,4.7,8
2026-09-22,engineering,mid,any_ai,432,4518,9.6,413
2026-09-22,engineering,mid,genai,280,4518,6.2,268
2026-09-22,engineering,mid,ml,204,4518,4.5,193
2026-09-22,engineering,senior,any_ai,704,6239,11.3,645
2026-09-22,engineering,senior,genai,520,6239,8.3,462
2026-09-22,engineering,senior,ml,263,6239,4.2,242
2026-09-22,product,all,any_ai,337,2400,14.0,321
2026-09-22,product,all,genai,275,2400,11.5,261
2026-09-22,product,all,ml,100,2400,4.2,89
2026-09-22,product,entry,any_ai,2,38,5.3,2
2026-09-22,product,entry,genai,1,38,2.6,1
2026-09-22,product,entry,ml,2,38,5.3,2
2026-09-22,product,mid,any_ai,117,1076,10.9,110
2026-09-22,product,mid,genai,98,1076,9.1,90
2026-09-22,product,mid,ml,28,1076,2.6,27
2026-09-22,product,senior,any_ai,218,1286,17.0,209
2026-09-22,product,senior,genai,176,1286,13.7,170
2026-09-22,product,senior,ml,70,1286,5.4,60
2026-09-22,security,all,any_ai,120,1815,6.6,111
2026-09-22,security,all,genai,104,1815,5.7,97
2026-09-22,security,all,ml,26,1815,1.4,22
2026-09-22,security,entry,any_ai,1,42,2.4,1
2026-09-22,security,entry,genai,1,42,2.4,1
2026-09-22,security,entry,ml,1,42,2.4,1
2026-09-22,security,mid,any_ai,49,1081,4.5,45
2026-09-22,security,mid,genai,45,1081,4.2,41
2026-09-22,security,mid,ml,7,1081,0.6,6
2026-09-22,security,senior,any_ai,70,692,10.1,65
2026-09-22,security,senior,genai,58,692,8.4,55
2026-09-22,security,senior,ml,18,692,2.6,15
2026-09-23,ai,all,any_ai,1592,3036,52.4,1574
2026-09-23,ai,all,genai,859,3036,28.3,836
2026-09-23,ai,all,ml,1167,3036,38.4,1150
2026-09-23,ai,entry,any_ai,48,89,53.9,48
2026-09-23,ai,entry,genai,12,89,13.5,12
2026-09-23,ai,entry,ml,41,89,46.1,41
2026-09-23,ai,mid,any_ai,805,1505,53.5,798
2026-09-23,ai,mid,genai,501,1505,33.3,490
2026-09-23,ai,mid,ml,525,1505,34.9,521
2026-09-23,ai,senior,any_ai,739,1442,51.2,728
2026-09-23,ai,senior,genai,346,1442,24.0,334
2026-09-23,ai,senior,ml,601,1442,41.7,588
2026-09-23,data,all,any_ai,828,6850,12.1,795
2026-09-23,data,all,genai,300,6850,4.4,281
2026-09-23,data,all,ml,672,6850,9.8,637
2026-09-23,data,entry,any_ai,15,183,8.2,14
2026-09-23,data,entry,genai,5,183,2.7,4
2026-09-23,data,entry,ml,13,183,7.1,12
2026-09-23,data,mid,any_ai,362,3913,9.3,343
2026-09-23,data,mid,genai,113,3913,2.9,106
2026-09-23,data,mid,ml,307,3913,7.8,290
2026-09-23,data,senior,any_ai,451,2754,16.4,438
2026-09-23,data,senior,genai,182,2754,6.6,171
2026-09-23,data,senior,ml,352,2754,12.8,335
2026-09-23,devops,all,any_ai,207,3972,5.2,193
2026-09-23,devops,all,genai,127,3972,3.2,112
2026-09-23,devops,all,ml,108,3972,2.7,107
2026-09-23,devops,entry,any_ai,1,67,1.5,1
2026-09-23,devops,entry,genai,1,67,1.5,1
2026-09-23,devops,entry,ml,0,67,0.0,0
2026-09-23,devops,mid,any_ai,107,2205,4.9,96
2026-09-23,devops,mid,genai,71,2205,3.2,59
2026-09-23,devops,mid,ml,47,2205,2.1,46
2026-09-23,devops,senior,any_ai,99,1700,5.8,96
2026-09-23,devops,senior,genai,55,1700,3.2,52
2026-09-23,devops,senior,ml,61,1700,3.6,61
2026-09-23,engineering,all,any_ai,1169,10961,10.7,1087
2026-09-23,engineering,all,genai,826,10961,7.5,753
2026-09-23,engineering,all,ml,476,10961,4.3,443
2026-09-23,engineering,entry,any_ai,13,214,6.1,11
2026-09-23,engineering,entry,genai,9,214,4.2,8
2026-09-23,engineering,entry,ml,10,214,4.7,8
2026-09-23,engineering,mid,any_ai,433,4499,9.6,415
2026-09-23,engineering,mid,genai,281,4499,6.2,269
2026-09-23,engineering,mid,ml,203,4499,4.5,193
2026-09-23,engineering,senior,any_ai,723,6248,11.6,661
2026-09-23,engineering,senior,genai,536,6248,8.6,476
2026-09-23,engineering,senior,ml,263,6248,4.2,242
2026-09-23,product,all,any_ai,321,2403,13.4,305
2026-09-23,product,all,genai,258,2403,10.7,244
2026-09-23,product,all,ml,99,2403,4.1,88
2026-09-23,product,entry,any_ai,2,35,5.7,2
2026-09-23,product,entry,genai,1,35,2.9,1
2026-09-23,product,entry,ml,2,35,5.7,2
2026-09-23,product,mid,any_ai,112,1077,10.4,105
2026-09-23,product,mid,genai,93,1077,8.6,85
2026-09-23,product,mid,ml,28,1077,2.6,27
2026-09-23,product,senior,any_ai,207,1291,16.0,198
2026-09-23,product,senior,genai,164,1291,12.7,158
2026-09-23,product,senior,ml,69,1291,5.3,59
2026-09-23,security,all,any_ai,117,1802,6.5,108
2026-09-23,security,all,genai,102,1802,5.7,95
2026-09-23,security,all,ml,25,1802,1.4,21
2026-09-23,security,entry,any_ai,1,42,2.4,1
2026-09-23,security,entry,genai,1,42,2.4,1
2026-09-23,security,entry,ml,1,42,2.4,1
2026-09-23,security,mid,any_ai,48,1076,4.5,44
2026-09-23,security,mid,genai,45,1076,4.2,41
2026-09-23,security,mid,ml,6,1076,0.6,5
2026-09-23,security,senior,any_ai,68,684,9.9,63
2026-09-23,security,senior,genai,56,684,8.2,53
2026-09-23,security,senior,ml,18,684,2.6,15
2026-10-01,ai,all,any_ai,1256,2431,51.7,1240
2026-10-01,ai,all,genai,664,2431,27.3,643
2026-10-01,ai,all,ml,955,2431,39.3,943
2026-10-01,ai,entry,any_ai,35,52,67.3,35
2026-10-01,ai,entry,genai,12,52,23.1,12
2026-10-01,ai,entry,ml,28,52,53.8,28
2026-10-01,ai,mid,any_ai,635,1224,51.9,627
2026-10-01,ai,mid,genai,371,1224,30.3,358
2026-10-01,ai,mid,ml,438,1224,35.8,435
2026-10-01,ai,senior,any_ai,586,1155,50.7,578
2026-10-01,ai,senior,genai,281,1155,24.3,273
2026-10-01,ai,senior,ml,489,1155,42.3,480
2026-10-01,data,all,any_ai,666,5038,13.2,636
2026-10-01,data,all,genai,228,5038,4.5,212
2026-10-01,data,all,ml,542,5038,10.8,511
2026-10-01,data,entry,any_ai,15,139,10.8,14
2026-10-01,data,entry,genai,6,139,4.3,4
2026-10-01,data,entry,ml,13,139,9.4,12
2026-10-01,data,mid,any_ai,290,2908,10.0,271
2026-10-01,data,mid,genai,89,2908,3.1,83
2026-10-01,data,mid,ml,242,2908,8.3,225
2026-10-01,data,senior,any_ai,361,1991,18.1,351
2026-10-01,data,senior,genai,133,1991,6.7,125
2026-10-01,data,senior,ml,287,1991,14.4,274
2026-10-01,devops,all,any_ai,166,2967,5.6,152
2026-10-01,devops,all,genai,97,2967,3.3,82
2026-10-01,devops,all,ml,82,2967,2.8,81
2026-10-01,devops,entry,any_ai,1,56,1.8,1
2026-10-01,devops,entry,genai,1,56,1.8,1
2026-10-01,devops,entry,ml,0,56,0.0,0
2026-10-01,devops,mid,any_ai,84,1602,5.2,73
2026-10-01,devops,mid,genai,57,1602,3.6,45
2026-10-01,devops,mid,ml,35,1602,2.2,34
2026-10-01,devops,senior,any_ai,81,1309,6.2,78
2026-10-01,devops,senior,genai,39,1309,3.0,36
2026-10-01,devops,senior,ml,47,1309,3.6,47
2026-10-01,engineering,all,any_ai,1031,8497,12.1,954
2026-10-01,engineering,all,genai,740,8497,8.7,672
2026-10-01,engineering,all,ml,422,8497,5.0,387
2026-10-01,engineering,entry,any_ai,10,160,6.3,10
2026-10-01,engineering,entry,genai,9,160,5.6,9
2026-10-01,engineering,entry,ml,7,160,4.4,7
2026-10-01,engineering,mid,any_ai,377,3485,10.8,360
2026-10-01,engineering,mid,genai,253,3485,7.3,245
2026-10-01,engineering,mid,ml,173,3485,5.0,159
2026-10-01,engineering,senior,any_ai,644,4852,13.3,584
2026-10-01,engineering,senior,genai,478,4852,9.9,418
2026-10-01,engineering,senior,ml,242,4852,5.0,221
2026-10-01,product,all,any_ai,268,1904,14.1,251
2026-10-01,product,all,genai,206,1904,10.8,192
2026-10-01,product,all,ml,87,1904,4.6,78
2026-10-01,product,entry,any_ai,2,25,8.0,2
2026-10-01,product,entry,genai,1,25,4.0,1
2026-10-01,product,entry,ml,2,25,8.0,2
2026-10-01,product,mid,any_ai,94,843,11.2,88
2026-10-01,product,mid,genai,73,843,8.7,65
2026-10-01,product,mid,ml,28,843,3.3,28
2026-10-01,product,senior,any_ai,172,1036,16.6,161
2026-10-01,product,senior,genai,132,1036,12.7,126
2026-10-01,product,senior,ml,57,1036,5.5,48
2026-10-01,security,all,any_ai,99,1317,7.5,89
2026-10-01,security,all,genai,88,1317,6.7,80
2026-10-01,security,all,ml,18,1317,1.4,15
2026-10-01,security,entry,any_ai,0,21,0.0,0
2026-10-01,security,entry,genai,0,21,0.0,0
2026-10-01,security,entry,ml,0,21,0.0,0
2026-10-01,security,mid,any_ai,39,770,5.1,34
2026-10-01,security,mid,genai,36,770,4.7,31
2026-10-01,security,mid,ml,6,770,0.8,5
2026-10-01,security,senior,any_ai,60,526,11.4,55
2026-10-01,security,senior,genai,52,526,9.9,49
2026-10-01,security,senior,ml,12,526,2.3,10
2026-10-02,ai,all,any_ai,1226,2386,51.4,1210
2026-10-02,ai,all,genai,646,2386,27.1,625
2026-10-02,ai,all,ml,941,2386,39.4,929
2026-10-02,ai,entry,any_ai,33,49,67.3,33
2026-10-02,ai,entry,genai,11,49,22.4,11
2026-10-02,ai,entry,ml,27,49,55.1,27
2026-10-02,ai,mid,any_ai,622,1221,50.9,614
2026-10-02,ai,mid,genai,360,1221,29.5,347
2026-10-02,ai,mid,ml,433,1221,35.5,430
2026-10-02,ai,senior,any_ai,571,1116,51.2,563
2026-10-02,ai,senior,genai,275,1116,24.6,267
2026-10-02,ai,senior,ml,481,1116,43.1,472
2026-10-02,data,all,any_ai,657,5034,13.1,628
2026-10-02,data,all,genai,233,5034,4.6,217
2026-10-02,data,all,ml,532,5034,10.6,502
2026-10-02,data,entry,any_ai,15,142,10.6,14
2026-10-02,data,entry,genai,6,142,4.2,4
2026-10-02,data,entry,ml,13,142,9.2,12
2026-10-02,data,mid,any_ai,285,2926,9.7,267
2026-10-02,data,mid,genai,93,2926,3.2,87
2026-10-02,data,mid,ml,235,2926,8.0,219
2026-10-02,data,senior,any_ai,357,1966,18.2,347
2026-10-02,data,senior,genai,134,1966,6.8,126
2026-10-02,data,senior,ml,284,1966,14.4,271
2026-10-02,devops,all,any_ai,163,2995,5.4,149
2026-10-02,devops,all,genai,97,2995,3.2,82
2026-10-02,devops,all,ml,79,2995,2.6,78
2026-10-02,devops,entry,any_ai,1,57,1.8,1
2026-10-02,devops,entry,genai,1,57,1.8,1
2026-10-02,devops,entry,ml,0,57,0.0,0
2026-10-02,devops,mid,any_ai,82,1620,5.1,71
2026-10-02,devops,mid,genai,55,1620,3.4,43
2026-10-02,devops,mid,ml,35,1620,2.2,34
2026-10-02,devops,senior,any_ai,80,1318,6.1,77
2026-10-02,devops,senior,genai,41,1318,3.1,38
2026-10-02,devops,senior,ml,44,1318,3.3,44
2026-10-02,engineering,all,any_ai,1050,8626,12.2,971
2026-10-02,engineering,all,genai,757,8626,8.8,688
2026-10-02,engineering,all,ml,426,8626,4.9,390
2026-10-02,engineering,entry,any_ai,13,156,8.3,13
2026-10-02,engineering,entry,genai,11,156,7.1,11
2026-10-02,engineering,entry,ml,8,156,5.1,8
2026-10-02,engineering,mid,any_ai,391,3511,11.1,372
2026-10-02,engineering,mid,genai,262,3511,7.5,254
2026-10-02,engineering,mid,ml,179,3511,5.1,163
2026-10-02,engineering,senior,any_ai,646,4959,13.0,586
2026-10-02,engineering,senior,genai,484,4959,9.8,423
2026-10-02,engineering,senior,ml,239,4959,4.8,219
2026-10-02,product,all,any_ai,271,1924,14.1,253
2026-10-02,product,all,genai,206,1924,10.7,191
2026-10-02,product,all,ml,90,1924,4.7,81
2026-10-02,product,entry,any_ai,5,28,17.9,5
2026-10-02,product,entry,genai,1,28,3.6,1
2026-10-02,product,entry,ml,5,28,17.9,5
2026-10-02,product,mid,any_ai,92,838,11.0,86
2026-10-02,product,mid,genai,72,838,8.6,64
2026-10-02,product,mid,ml,27,838,3.2,27
2026-10-02,product,senior,any_ai,174,1058,16.4,162
2026-10-02,product,senior,genai,133,1058,12.6,126
2026-10-02,product,senior,ml,58,1058,5.5,49
2026-10-02,security,all,any_ai,96,1303,7.4,86
2026-10-02,security,all,genai,86,1303,6.6,78
2026-10-02,security,all,ml,17,1303,1.3,14
2026-10-02,security,entry,any_ai,0,22,0.0,0
2026-10-02,security,entry,genai,0,22,0.0,0
2026-10-02,security,entry,ml,0,22,0.0,0
2026-10-02,security,mid,any_ai,40,760,5.3,35
2026-10-02,security,mid,genai,37,760,4.9,32
2026-10-02,security,mid,ml,6,760,0.8,5
2026-10-02,security,senior,any_ai,56,521,10.7,51
2026-10-02,security,senior,genai,49,521,9.4,46
2026-10-02,security,senior,ml,11,521,2.1,9
2026-10-03,ai,all,any_ai,1231,2412,51.0,1215
2026-10-03,ai,all,genai,649,2412,26.9,629
2026-10-03,ai,all,ml,942,2412,39.1,930
2026-10-03,ai,entry,any_ai,29,46,63.0,29
2026-10-03,ai,entry,genai,11,46,23.9,11
2026-10-03,ai,entry,ml,23,46,50.0,23
2026-10-03,ai,mid,any_ai,639,1247,51.2,631
2026-10-03,ai,mid,genai,365,1247,29.3,353
2026-10-03,ai,mid,ml,449,1247,36.0,446
2026-10-03,ai,senior,any_ai,563,1119,50.3,555
2026-10-03,ai,senior,genai,273,1119,24.4,265
2026-10-03,ai,senior,ml,470,1119,42.0,461
2026-10-03,data,all,any_ai,667,5048,13.2,637
2026-10-03,data,all,genai,235,5048,4.7,219
2026-10-03,data,all,ml,541,5048,10.7,512
2026-10-03,data,entry,any_ai,16,138,11.6,15
2026-10-03,data,entry,genai,7,138,5.1,5
2026-10-03,data,entry,ml,13,138,9.4,12
2026-10-03,data,mid,any_ai,288,2962,9.7,270
2026-10-03,data,mid,genai,95,2962,3.2,89
2026-10-03,data,mid,ml,238,2962,8.0,222
2026-10-03,data,senior,any_ai,363,1948,18.6,352
2026-10-03,data,senior,genai,133,1948,6.8,125
2026-10-03,data,senior,ml,290,1948,14.9,278
2026-10-03,devops,all,any_ai,168,3000,5.6,155
2026-10-03,devops,all,genai,99,3000,3.3,85
2026-10-03,devops,all,ml,82,3000,2.7,81
2026-10-03,devops,entry,any_ai,1,53,1.9,1
2026-10-03,devops,entry,genai,1,53,1.9,1
2026-10-03,devops,entry,ml,0,53,0.0,0
2026-10-03,devops,mid,any_ai,84,1620,5.2,74
2026-10-03,devops,mid,genai,56,1620,3.5,45
2026-10-03,devops,mid,ml,36,1620,2.2,35
2026-10-03,devops,senior,any_ai,83,1327,6.3,80
2026-10-03,devops,senior,genai,42,1327,3.2,39
2026-10-03,devops,senior,ml,46,1327,3.5,46
2026-10-03,engineering,all,any_ai,1061,8647,12.3,982
2026-10-03,engineering,all,genai,767,8647,8.9,700
2026-10-03,engineering,all,ml,427,8647,4.9,388
2026-10-03,engineering,entry,any_ai,14,160,8.8,14
2026-10-03,engineering,entry,genai,12,160,7.5,12
2026-10-03,engineering,entry,ml,8,160,5.0,8
2026-10-03,engineering,mid,any_ai,389,3557,10.9,370
2026-10-03,engineering,mid,genai,261,3557,7.3,253
2026-10-03,engineering,mid,ml,178,3557,5.0,162
2026-10-03,engineering,senior,any_ai,658,4930,13.3,598
2026-10-03,engineering,senior,genai,494,4930,10.0,435
2026-10-03,engineering,senior,ml,241,4930,4.9,218
2026-10-03,product,all,any_ai,273,1949,14.0,255
2026-10-03,product,all,genai,207,1949,10.6,192
2026-10-03,product,all,ml,92,1949,4.7,83
2026-10-03,product,entry,any_ai,6,28,21.4,6
2026-10-03,product,entry,genai,1,28,3.6,1
2026-10-03,product,entry,ml,6,28,21.4,6
2026-10-03,product,mid,any_ai,91,856,10.6,85
2026-10-03,product,mid,genai,71,856,8.3,63
2026-10-03,product,mid,ml,27,856,3.2,27
2026-10-03,product,senior,any_ai,176,1065,16.5,164
2026-10-03,product,senior,genai,135,1065,12.7,128
2026-10-03,product,senior,ml,59,1065,5.5,50
2026-10-03,security,all,any_ai,97,1322,7.3,87
2026-10-03,security,all,genai,86,1322,6.5,78
2026-10-03,security,all,ml,18,1322,1.4,15
2026-10-03,security,entry,any_ai,0,24,0.0,0
2026-10-03,security,entry,genai,0,24,0.0,0
2026-10-03,security,entry,ml,0,24,0.0,0
2026-10-03,security,mid,any_ai,39,763,5.1,34
2026-10-03,security,mid,genai,36,763,4.7,31
2026-10-03,security,mid,ml,6,763,0.8,5
2026-10-03,security,senior,any_ai,58,535,10.8,53
2026-10-03,security,senior,genai,50,535,9.3,47
2026-10-03,security,senior,ml,12,535,2.2,10
2026-10-04,ai,all,any_ai,1243,2427,51.2,1227
2026-10-04,ai,all,genai,648,2427,26.7,628
2026-10-04,ai,all,ml,955,2427,39.3,943
2026-10-04,ai,entry,any_ai,28,49,57.1,28
2026-10-04,ai,entry,genai,11,49,22.4,11
2026-10-04,ai,entry,ml,22,49,44.9,22
2026-10-04,ai,mid,any_ai,636,1247,51.0,628
2026-10-04,ai,mid,genai,359,1247,28.8,347
2026-10-04,ai,mid,ml,450,1247,36.1,447
2026-10-04,ai,senior,any_ai,579,1131,51.2,571
2026-10-04,ai,senior,genai,278,1131,24.6,270
2026-10-04,ai,senior,ml,483,1131,42.7,474
2026-10-04,data,all,any_ai,677,5019,13.5,648
2026-10-04,data,all,genai,229,5019,4.6,214
2026-10-04,data,all,ml,555,5019,11.1,529
2026-10-04,data,entry,any_ai,18,139,12.9,17
2026-10-04,data,entry,genai,7,139,5.0,5
2026-10-04,data,entry,ml,15,139,10.8,14
2026-10-04,data,mid,any_ai,292,2936,9.9,274
2026-10-04,data,mid,genai,90,2936,3.1,85
2026-10-04,data,mid,ml,244,2936,8.3,228
2026-10-04,data,senior,any_ai,367,1944,18.9,357
2026-10-04,data,senior,genai,132,1944,6.8,124
2026-10-04,data,senior,ml,296,1944,15.2,287
2026-10-04,devops,all,any_ai,165,2981,5.5,153
2026-10-04,devops,all,genai,96,2981,3.2,83
2026-10-04,devops,all,ml,82,2981,2.8,81
2026-10-04,devops,entry,any_ai,1,50,2.0,1
2026-10-04,devops,entry,genai,1,50,2.0,1
2026-10-04,devops,entry,ml,0,50,0.0,0
2026-10-04,devops,mid,any_ai,83,1600,5.2,74
2026-10-04,devops,mid,genai,54,1600,3.4,44
2026-10-04,devops,mid,ml,37,1600,2.3,36
2026-10-04,devops,senior,any_ai,81,1331,6.1,78
2026-10-04,devops,senior,genai,41,1331,3.1,38
2026-10-04,devops,senior,ml,45,1331,3.4,45
2026-10-04,engineering,all,any_ai,1048,8550,12.3,972
2026-10-04,engineering,all,genai,753,8550,8.8,688
2026-10-04,engineering,all,ml,430,8550,5.0,393
2026-10-04,engineering,entry,any_ai,15,155,9.7,15
2026-10-04,engineering,entry,genai,12,155,7.7,12
2026-10-04,engineering,entry,ml,9,155,5.8,9
2026-10-04,engineering,mid,any_ai,376,3520,10.7,359
2026-10-04,engineering,mid,genai,249,3520,7.1,242
2026-10-04,engineering,mid,ml,177,3520,5.0,162
2026-10-04,engineering,senior,any_ai,657,4875,13.5,598
2026-10-04,engineering,senior,genai,492,4875,10.1,434
2026-10-04,engineering,senior,ml,244,4875,5.0,222
2026-10-04,product,all,any_ai,271,1924,14.1,254
2026-10-04,product,all,genai,204,1924,10.6,189
2026-10-04,product,all,ml,95,1924,4.9,87
2026-10-04,product,entry,any_ai,7,28,25.0,7
2026-10-04,product,entry,genai,1,28,3.6,1
2026-10-04,product,entry,ml,7,28,25.0,7
2026-10-04,product,mid,any_ai,92,841,10.9,86
2026-10-04,product,mid,genai,71,841,8.4,63
2026-10-04,product,mid,ml,28,841,3.3,28
2026-10-04,product,senior,any_ai,172,1055,16.3,161
2026-10-04,product,senior,genai,132,1055,12.5,125
2026-10-04,product,senior,ml,60,1055,5.7,52
2026-10-04,security,all,any_ai,94,1316,7.1,84
2026-10-04,security,all,genai,84,1316,6.4,76
2026-10-04,security,all,ml,16,1316,1.2,13
2026-10-04,security,entry,any_ai,0,22,0.0,0
2026-10-04,security,entry,genai,0,22,0.0,0
2026-10-04,security,entry,ml,0,22,0.0,0
2026-10-04,security,mid,any_ai,35,755,4.6,30
2026-10-04,security,mid,genai,33,755,4.4,28
2026-10-04,security,mid,ml,4,755,0.5,3
2026-10-04,security,senior,any_ai,59,539,10.9,54
2026-10-04,security,senior,genai,51,539,9.5,48
2026-10-04,security,senior,ml,12,539,2.2,10
